analysis_model_id,sensitivity_subset,classifier,split,condition,train_rows,rows,authors,accuracy,macro_f1,weighted_f1,macro_f1_survival_vs_original
groq_llama_3_3_70b_free,all_rows,nearest_centroid,validation,original,84,18,6,0.944444,0.942857,0.942857,1.0
groq_llama_3_3_70b_free,all_rows,nearest_centroid,test,original,84,18,6,0.722222,0.659524,0.659524,1.0
groq_llama_3_3_70b_free,all_rows,nearest_centroid,validation,paraphrase,84,18,6,0.722222,0.665079,0.665079,0.705387
groq_llama_3_3_70b_free,all_rows,nearest_centroid,test,paraphrase,84,18,6,0.611111,0.522222,0.522222,0.791817
groq_llama_3_3_70b_free,all_rows,nearest_centroid,validation,modernize,84,18,6,0.777778,0.745238,0.745238,0.790404
groq_llama_3_3_70b_free,all_rows,nearest_centroid,test,modernize,84,18,6,0.666667,0.57619,0.57619,0.873645
groq_llama_3_3_70b_free,all_rows,nearest_centroid,validation,simplify,84,18,6,0.611111,0.606349,0.606349,0.643098
groq_llama_3_3_70b_free,all_rows,nearest_centroid,test,simplify,84,18,6,0.5,0.470635,0.470635,0.713598
groq_llama_3_3_70b_free,qc_pass_only,nearest_centroid,validation,original,84,18,6,0.944444,0.942857,0.942857,1.0
groq_llama_3_3_70b_free,qc_pass_only,nearest_centroid,test,original,84,18,6,0.722222,0.659524,0.659524,1.0
groq_llama_3_3_70b_free,qc_pass_only,nearest_centroid,validation,paraphrase,33,10,6,0.6,0.484127,0.580952,0.513468
groq_llama_3_3_70b_free,qc_pass_only,nearest_centroid,test,paraphrase,33,11,6,0.545455,0.388889,0.484848,0.589651
groq_llama_3_3_70b_free,qc_pass_only,nearest_centroid,validation,modernize,40,12,6,0.666667,0.553968,0.636508,0.587542
groq_llama_3_3_70b_free,qc_pass_only,nearest_centroid,test,modernize,40,8,4,0.5,0.277778,0.5,0.42118
groq_llama_3_3_70b_free,qc_pass_only,nearest_centroid,validation,simplify,3,0,0,0.0,0.0,0.0,0.0
groq_llama_3_3_70b_free,qc_pass_only,nearest_centroid,test,simplify,3,0,0,0.0,0.0,0.0,0.0
groq_qwen_32b_free,all_rows,nearest_centroid,validation,original,84,18,6,0.944444,0.942857,0.942857,1.0
groq_qwen_32b_free,all_rows,nearest_centroid,test,original,84,18,6,0.722222,0.659524,0.659524,1.0
groq_qwen_32b_free,all_rows,nearest_centroid,validation,paraphrase,84,18,6,0.833333,0.817857,0.817857,0.867424
groq_qwen_32b_free,all_rows,nearest_centroid,test,paraphrase,84,18,6,0.666667,0.57619,0.57619,0.873645
groq_qwen_32b_free,all_rows,nearest_centroid,validation,modernize,84,18,6,0.777778,0.763492,0.763492,0.809764
groq_qwen_32b_free,all_rows,nearest_centroid,test,modernize,84,18,6,0.722222,0.653968,0.653968,0.991576
groq_qwen_32b_free,all_rows,nearest_centroid,validation,simplify,84,18,6,0.666667,0.652778,0.652778,0.69234
groq_qwen_32b_free,all_rows,nearest_centroid,test,simplify,84,18,6,0.666667,0.590909,0.590909,0.895963
groq_qwen_32b_free,qc_pass_only,nearest_centroid,validation,original,84,18,6,0.944444,0.942857,0.942857,1.0
groq_qwen_32b_free,qc_pass_only,nearest_centroid,test,original,84,18,6,0.722222,0.659524,0.659524,1.0
groq_qwen_32b_free,qc_pass_only,nearest_centroid,validation,paraphrase,65,15,6,0.733333,0.737302,0.718095,0.781987
groq_qwen_32b_free,qc_pass_only,nearest_centroid,test,paraphrase,65,13,6,0.615385,0.527778,0.5,0.800241
groq_qwen_32b_free,qc_pass_only,nearest_centroid,validation,modernize,65,15,6,0.733333,0.727778,0.72,0.771886
groq_qwen_32b_free,qc_pass_only,nearest_centroid,test,modernize,65,13,6,0.769231,0.688889,0.712821,1.044525
groq_qwen_32b_free,qc_pass_only,nearest_centroid,validation,simplify,52,10,6,0.6,0.666667,0.533333,0.707071
groq_qwen_32b_free,qc_pass_only,nearest_centroid,test,simplify,52,11,6,0.545455,0.511905,0.467532,0.776173
groq_gpt_oss_120b_free,all_rows,nearest_centroid,validation,original,84,18,6,0.944444,0.942857,0.942857,1.0
groq_gpt_oss_120b_free,all_rows,nearest_centroid,test,original,84,18,6,0.722222,0.659524,0.659524,1.0
groq_gpt_oss_120b_free,all_rows,nearest_centroid,validation,paraphrase,84,18,6,0.777778,0.756349,0.756349,0.802188
groq_gpt_oss_120b_free,all_rows,nearest_centroid,test,paraphrase,84,18,6,0.722222,0.674242,0.674242,1.022316
groq_gpt_oss_120b_free,all_rows,nearest_centroid,validation,modernize,84,18,6,0.777778,0.710714,0.710714,0.753788
groq_gpt_oss_120b_free,all_rows,nearest_centroid,test,modernize,84,18,6,0.611111,0.533766,0.533766,0.80932
groq_gpt_oss_120b_free,all_rows,nearest_centroid,validation,simplify,84,18,6,0.722222,0.678968,0.678968,0.720118
groq_gpt_oss_120b_free,all_rows,nearest_centroid,test,simplify,84,18,6,0.611111,0.535354,0.535354,0.811728
groq_gpt_oss_120b_free,qc_pass_only,nearest_centroid,validation,original,84,18,6,0.944444,0.942857,0.942857,1.0
groq_gpt_oss_120b_free,qc_pass_only,nearest_centroid,test,original,84,18,6,0.722222,0.659524,0.659524,1.0
groq_gpt_oss_120b_free,qc_pass_only,nearest_centroid,validation,paraphrase,72,16,6,0.8125,0.792857,0.829464,0.840909
groq_gpt_oss_120b_free,qc_pass_only,nearest_centroid,test,paraphrase,72,16,6,0.625,0.550265,0.52877,0.834337
groq_gpt_oss_120b_free,qc_pass_only,nearest_centroid,validation,modernize,64,13,6,0.692308,0.709524,0.674725,0.752526
groq_gpt_oss_120b_free,qc_pass_only,nearest_centroid,test,modernize,64,15,6,0.666667,0.596825,0.573968,0.904933
groq_gpt_oss_120b_free,qc_pass_only,nearest_centroid,validation,simplify,43,9,5,0.333333,0.288889,0.385185,0.306397
groq_gpt_oss_120b_free,qc_pass_only,nearest_centroid,test,simplify,43,10,6,0.7,0.559524,0.607143,0.848375
