subset_id,model,split,condition,paired_passages,observed_macro_f1_loss,ci_low_95,ci_high_95,p_loss_le_zero_bootstrap,bootstrap_iterations,rng_seed
all_rows,nearest_centroid,validation,paraphrase,54,0.193142,0.049748,0.338847,0.0045,2000,20260601
all_rows,nearest_centroid,validation,modernize,54,0.129035,-0.000678,0.252748,0.0265,2000,20260601
all_rows,nearest_centroid,validation,simplify,54,0.247803,0.118744,0.365881,0.0,2000,20260601
all_rows,nearest_centroid,test,paraphrase,54,0.381134,0.264849,0.503275,0.0,2000,20260601
all_rows,nearest_centroid,test,modernize,54,0.216211,0.100524,0.343601,0.0,2000,20260601
all_rows,nearest_centroid,test,simplify,54,0.313295,0.194723,0.451578,0.0,2000,20260601
all_rows,diagonal_gaussian_nb,validation,paraphrase,54,0.272088,0.140393,0.404871,0.0,2000,20260601
all_rows,diagonal_gaussian_nb,validation,modernize,54,0.15807,0.070058,0.260521,0.0,2000,20260601
all_rows,diagonal_gaussian_nb,validation,simplify,54,0.171188,0.039738,0.302454,0.005,2000,20260601
all_rows,diagonal_gaussian_nb,test,paraphrase,54,0.336928,0.202856,0.467116,0.0,2000,20260601
all_rows,diagonal_gaussian_nb,test,modernize,54,0.170812,0.047914,0.29765,0.004,2000,20260601
all_rows,diagonal_gaussian_nb,test,simplify,54,0.311061,0.173188,0.451624,0.0,2000,20260601
all_rows,linear_discriminant_shrinkage,validation,paraphrase,54,0.205743,0.047559,0.35172,0.003,2000,20260601
all_rows,linear_discriminant_shrinkage,validation,modernize,54,0.123265,-0.002017,0.260733,0.0285,2000,20260601
all_rows,linear_discriminant_shrinkage,validation,simplify,54,0.286482,0.143555,0.41829,0.0,2000,20260601
all_rows,linear_discriminant_shrinkage,test,paraphrase,54,0.386699,0.268398,0.506858,0.0,2000,20260601
all_rows,linear_discriminant_shrinkage,test,modernize,54,0.178694,0.06727,0.302308,0.0005,2000,20260601
all_rows,linear_discriminant_shrinkage,test,simplify,54,0.357297,0.217501,0.498963,0.0,2000,20260601
qc_pass_only,nearest_centroid,validation,paraphrase,44,0.248087,0.09768,0.391961,0.0,2000,20260601
qc_pass_only,nearest_centroid,validation,modernize,50,0.147249,0.026771,0.28221,0.0095,2000,20260601
qc_pass_only,nearest_centroid,validation,simplify,47,0.249559,0.116109,0.38764,0.0,2000,20260601
qc_pass_only,nearest_centroid,test,paraphrase,47,0.363052,0.247733,0.488617,0.0,2000,20260601
qc_pass_only,nearest_centroid,test,modernize,53,0.221232,0.105558,0.355544,0.0,2000,20260601
qc_pass_only,nearest_centroid,test,simplify,51,0.330811,0.207273,0.468789,0.0,2000,20260601
qc_pass_only,diagonal_gaussian_nb,validation,paraphrase,44,0.270763,0.127163,0.406123,0.0,2000,20260601
qc_pass_only,diagonal_gaussian_nb,validation,modernize,50,0.154531,0.067429,0.266994,0.0,2000,20260601
qc_pass_only,diagonal_gaussian_nb,validation,simplify,47,0.155793,0.007509,0.294481,0.019,2000,20260601
qc_pass_only,diagonal_gaussian_nb,test,paraphrase,47,0.296108,0.162759,0.424104,0.0,2000,20260601
qc_pass_only,diagonal_gaussian_nb,test,modernize,53,0.184117,0.066191,0.312767,0.0015,2000,20260601
qc_pass_only,diagonal_gaussian_nb,test,simplify,51,0.341571,0.191921,0.491258,0.0,2000,20260601
qc_pass_only,linear_discriminant_shrinkage,validation,paraphrase,44,0.238112,0.081144,0.397341,0.002,2000,20260601
qc_pass_only,linear_discriminant_shrinkage,validation,modernize,50,0.13675,0.011823,0.271407,0.017,2000,20260601
qc_pass_only,linear_discriminant_shrinkage,validation,simplify,47,0.289413,0.133413,0.439596,0.0,2000,20260601
qc_pass_only,linear_discriminant_shrinkage,test,paraphrase,47,0.36912,0.244096,0.493452,0.0,2000,20260601
qc_pass_only,linear_discriminant_shrinkage,test,modernize,53,0.187134,0.073869,0.312577,0.0005,2000,20260601
qc_pass_only,linear_discriminant_shrinkage,test,simplify,51,0.380879,0.253175,0.528929,0.0,2000,20260601
pass_plus_non_hard_length_warning,nearest_centroid,validation,paraphrase,49,0.218955,0.075726,0.366657,0.0005,2000,20260601
pass_plus_non_hard_length_warning,nearest_centroid,validation,modernize,54,0.129035,0.006469,0.259014,0.019,2000,20260601
pass_plus_non_hard_length_warning,nearest_centroid,validation,simplify,53,0.258838,0.12505,0.383157,0.0,2000,20260601
pass_plus_non_hard_length_warning,nearest_centroid,test,paraphrase,50,0.383389,0.254332,0.515686,0.0,2000,20260601
pass_plus_non_hard_length_warning,nearest_centroid,test,modernize,54,0.216211,0.099628,0.341156,0.0,2000,20260601
pass_plus_non_hard_length_warning,nearest_centroid,test,simplify,53,0.317876,0.187307,0.458579,0.0,2000,20260601
pass_plus_non_hard_length_warning,diagonal_gaussian_nb,validation,paraphrase,49,0.272567,0.130227,0.406749,0.0,2000,20260601
pass_plus_non_hard_length_warning,diagonal_gaussian_nb,validation,modernize,54,0.15807,0.068099,0.257589,0.0,2000,20260601
pass_plus_non_hard_length_warning,diagonal_gaussian_nb,validation,simplify,53,0.179752,0.0392,0.305763,0.0055,2000,20260601
pass_plus_non_hard_length_warning,diagonal_gaussian_nb,test,paraphrase,50,0.30309,0.167486,0.43531,0.0,2000,20260601
pass_plus_non_hard_length_warning,diagonal_gaussian_nb,test,modernize,54,0.170812,0.060058,0.292687,0.001,2000,20260601
pass_plus_non_hard_length_warning,diagonal_gaussian_nb,test,simplify,53,0.319594,0.187303,0.468415,0.0,2000,20260601
pass_plus_non_hard_length_warning,linear_discriminant_shrinkage,validation,paraphrase,49,0.233681,0.073792,0.379205,0.002,2000,20260601
pass_plus_non_hard_length_warning,linear_discriminant_shrinkage,validation,modernize,54,0.123265,-0.007644,0.252713,0.032,2000,20260601
pass_plus_non_hard_length_warning,linear_discriminant_shrinkage,validation,simplify,53,0.296236,0.145215,0.434023,0.0,2000,20260601
pass_plus_non_hard_length_warning,linear_discriminant_shrinkage,test,paraphrase,50,0.389721,0.265644,0.509775,0.0,2000,20260601
pass_plus_non_hard_length_warning,linear_discriminant_shrinkage,test,modernize,54,0.178694,0.07545,0.306159,0.0,2000,20260601
pass_plus_non_hard_length_warning,linear_discriminant_shrinkage,test,simplify,53,0.36322,0.226834,0.498594,0.0,2000,20260601
