subset_id,feature_family,feature_count,model,split,condition,baseline_condition,accuracy,macro_f1,weighted_f1,accuracy_loss_vs_original,macro_f1_loss_vs_original,weighted_f1_loss_vs_original,rows
all_rows,char3,120,nearest_centroid,validation,original,original,0.611111,0.59829,0.59829,0.0,0.0,0.0,54
all_rows,char3,120,nearest_centroid,validation,paraphrase,original,0.388889,0.348802,0.348802,0.222222,0.249488,0.249488,54
all_rows,char3,120,nearest_centroid,validation,modernize,original,0.555556,0.539813,0.539813,0.055555,0.058477,0.058477,54
all_rows,char3,120,nearest_centroid,validation,simplify,original,0.481481,0.444659,0.444659,0.12963,0.153631,0.153631,54
all_rows,char3,120,nearest_centroid,test,original,original,0.648148,0.649932,0.649932,0.0,0.0,0.0,54
all_rows,char3,120,nearest_centroid,test,paraphrase,original,0.37037,0.330753,0.330753,0.277778,0.319179,0.319179,54
all_rows,char3,120,nearest_centroid,test,modernize,original,0.481481,0.46412,0.46412,0.166667,0.185812,0.185812,54
all_rows,char3,120,nearest_centroid,test,simplify,original,0.5,0.483874,0.483874,0.148148,0.166058,0.166058,54
all_rows,char3,120,diagonal_gaussian_nb,validation,original,original,0.574074,0.559045,0.559045,0.0,0.0,0.0,54
all_rows,char3,120,diagonal_gaussian_nb,validation,paraphrase,original,0.481481,0.443893,0.443893,0.092593,0.115152,0.115152,54
all_rows,char3,120,diagonal_gaussian_nb,validation,modernize,original,0.518519,0.503738,0.503738,0.055555,0.055307,0.055307,54
all_rows,char3,120,diagonal_gaussian_nb,validation,simplify,original,0.444444,0.436559,0.436559,0.12963,0.122486,0.122486,54
all_rows,char3,120,diagonal_gaussian_nb,test,original,original,0.722222,0.725259,0.725259,0.0,0.0,0.0,54
all_rows,char3,120,diagonal_gaussian_nb,test,paraphrase,original,0.351852,0.334444,0.334444,0.37037,0.390815,0.390815,54
all_rows,char3,120,diagonal_gaussian_nb,test,modernize,original,0.462963,0.459058,0.459058,0.259259,0.266201,0.266201,54
all_rows,char3,120,diagonal_gaussian_nb,test,simplify,original,0.462963,0.426604,0.426604,0.259259,0.298655,0.298655,54
all_rows,char3,120,linear_discriminant_shrinkage,validation,original,original,0.592593,0.58155,0.58155,0.0,0.0,0.0,54
all_rows,char3,120,linear_discriminant_shrinkage,validation,paraphrase,original,0.407407,0.360114,0.360114,0.185186,0.221436,0.221436,54
all_rows,char3,120,linear_discriminant_shrinkage,validation,modernize,original,0.518519,0.508893,0.508893,0.074074,0.072657,0.072657,54
all_rows,char3,120,linear_discriminant_shrinkage,validation,simplify,original,0.444444,0.422737,0.422737,0.148149,0.158813,0.158813,54
all_rows,char3,120,linear_discriminant_shrinkage,test,original,original,0.648148,0.649932,0.649932,0.0,0.0,0.0,54
all_rows,char3,120,linear_discriminant_shrinkage,test,paraphrase,original,0.407407,0.363905,0.363905,0.240741,0.286027,0.286027,54
all_rows,char3,120,linear_discriminant_shrinkage,test,modernize,original,0.481481,0.47076,0.47076,0.166667,0.179172,0.179172,54
all_rows,char3,120,linear_discriminant_shrinkage,test,simplify,original,0.481481,0.46292,0.46292,0.166667,0.187012,0.187012,54
all_rows,function_word,57,nearest_centroid,validation,original,original,0.574074,0.571303,0.571303,0.0,0.0,0.0,54
all_rows,function_word,57,nearest_centroid,validation,paraphrase,original,0.351852,0.322288,0.322288,0.222222,0.249015,0.249015,54
all_rows,function_word,57,nearest_centroid,validation,modernize,original,0.462963,0.454143,0.454143,0.111111,0.11716,0.11716,54
all_rows,function_word,57,nearest_centroid,validation,simplify,original,0.444444,0.39196,0.39196,0.12963,0.179343,0.179343,54
all_rows,function_word,57,nearest_centroid,test,original,original,0.592593,0.590119,0.590119,0.0,0.0,0.0,54
all_rows,function_word,57,nearest_centroid,test,paraphrase,original,0.5,0.459137,0.459137,0.092593,0.130982,0.130982,54
all_rows,function_word,57,nearest_centroid,test,modernize,original,0.518519,0.499919,0.499919,0.074074,0.0902,0.0902,54
all_rows,function_word,57,nearest_centroid,test,simplify,original,0.537037,0.510918,0.510918,0.055556,0.079201,0.079201,54
all_rows,function_word,57,diagonal_gaussian_nb,validation,original,original,0.648148,0.639775,0.639775,0.0,0.0,0.0,54
all_rows,function_word,57,diagonal_gaussian_nb,validation,paraphrase,original,0.425926,0.409462,0.409462,0.222222,0.230313,0.230313,54
all_rows,function_word,57,diagonal_gaussian_nb,validation,modernize,original,0.518519,0.503551,0.503551,0.129629,0.136224,0.136224,54
all_rows,function_word,57,diagonal_gaussian_nb,validation,simplify,original,0.555556,0.525108,0.525108,0.092592,0.114667,0.114667,54
all_rows,function_word,57,diagonal_gaussian_nb,test,original,original,0.555556,0.552546,0.552546,0.0,0.0,0.0,54
all_rows,function_word,57,diagonal_gaussian_nb,test,paraphrase,original,0.5,0.462425,0.462425,0.055556,0.090121,0.090121,54
all_rows,function_word,57,diagonal_gaussian_nb,test,modernize,original,0.5,0.483229,0.483229,0.055556,0.069317,0.069317,54
all_rows,function_word,57,diagonal_gaussian_nb,test,simplify,original,0.425926,0.387838,0.387838,0.12963,0.164708,0.164708,54
all_rows,function_word,57,linear_discriminant_shrinkage,validation,original,original,0.592593,0.584211,0.584211,0.0,0.0,0.0,54
all_rows,function_word,57,linear_discriminant_shrinkage,validation,paraphrase,original,0.351852,0.335354,0.335354,0.240741,0.248857,0.248857,54
all_rows,function_word,57,linear_discriminant_shrinkage,validation,modernize,original,0.425926,0.414106,0.414106,0.166667,0.170105,0.170105,54
all_rows,function_word,57,linear_discriminant_shrinkage,validation,simplify,original,0.444444,0.395253,0.395253,0.148149,0.188958,0.188958,54
all_rows,function_word,57,linear_discriminant_shrinkage,test,original,original,0.574074,0.566936,0.566936,0.0,0.0,0.0,54
all_rows,function_word,57,linear_discriminant_shrinkage,test,paraphrase,original,0.462963,0.42516,0.42516,0.111111,0.141776,0.141776,54
all_rows,function_word,57,linear_discriminant_shrinkage,test,modernize,original,0.518519,0.499919,0.499919,0.055555,0.067017,0.067017,54
all_rows,function_word,57,linear_discriminant_shrinkage,test,simplify,original,0.537037,0.514471,0.514471,0.037037,0.052465,0.052465,54
all_rows,length_rhythm,8,nearest_centroid,validation,original,original,0.351852,0.322724,0.322724,0.0,0.0,0.0,54
all_rows,length_rhythm,8,nearest_centroid,validation,paraphrase,original,0.333333,0.311953,0.311953,0.018519,0.010771,0.010771,54
all_rows,length_rhythm,8,nearest_centroid,validation,modernize,original,0.388889,0.381944,0.381944,-0.037037,-0.05922,-0.05922,54
all_rows,length_rhythm,8,nearest_centroid,validation,simplify,original,0.333333,0.261857,0.261857,0.018519,0.060867,0.060867,54
all_rows,length_rhythm,8,nearest_centroid,test,original,original,0.314815,0.284628,0.284628,0.0,0.0,0.0,54
all_rows,length_rhythm,8,nearest_centroid,test,paraphrase,original,0.333333,0.312817,0.312817,-0.018518,-0.028189,-0.028189,54
all_rows,length_rhythm,8,nearest_centroid,test,modernize,original,0.37037,0.367094,0.367094,-0.055555,-0.082466,-0.082466,54
all_rows,length_rhythm,8,nearest_centroid,test,simplify,original,0.314815,0.27326,0.27326,0.0,0.011368,0.011368,54
all_rows,length_rhythm,8,diagonal_gaussian_nb,validation,original,original,0.296296,0.271934,0.271934,0.0,0.0,0.0,54
all_rows,length_rhythm,8,diagonal_gaussian_nb,validation,paraphrase,original,0.314815,0.281279,0.281279,-0.018519,-0.009345,-0.009345,54
all_rows,length_rhythm,8,diagonal_gaussian_nb,validation,modernize,original,0.259259,0.231613,0.231613,0.037037,0.040321,0.040321,54
all_rows,length_rhythm,8,diagonal_gaussian_nb,validation,simplify,original,0.222222,0.211592,0.211592,0.074074,0.060342,0.060342,54
all_rows,length_rhythm,8,diagonal_gaussian_nb,test,original,original,0.388889,0.335566,0.335566,0.0,0.0,0.0,54
all_rows,length_rhythm,8,diagonal_gaussian_nb,test,paraphrase,original,0.314815,0.276525,0.276525,0.074074,0.059041,0.059041,54
all_rows,length_rhythm,8,diagonal_gaussian_nb,test,modernize,original,0.407407,0.367884,0.367884,-0.018518,-0.032318,-0.032318,54
all_rows,length_rhythm,8,diagonal_gaussian_nb,test,simplify,original,0.314815,0.284029,0.284029,0.074074,0.051537,0.051537,54
all_rows,length_rhythm,8,linear_discriminant_shrinkage,validation,original,original,0.333333,0.295865,0.295865,0.0,0.0,0.0,54
all_rows,length_rhythm,8,linear_discriminant_shrinkage,validation,paraphrase,original,0.314815,0.28644,0.28644,0.018518,0.009425,0.009425,54
all_rows,length_rhythm,8,linear_discriminant_shrinkage,validation,modernize,original,0.407407,0.389375,0.389375,-0.074074,-0.09351,-0.09351,54
all_rows,length_rhythm,8,linear_discriminant_shrinkage,validation,simplify,original,0.296296,0.258239,0.258239,0.037037,0.037626,0.037626,54
all_rows,length_rhythm,8,linear_discriminant_shrinkage,test,original,original,0.333333,0.30105,0.30105,0.0,0.0,0.0,54
all_rows,length_rhythm,8,linear_discriminant_shrinkage,test,paraphrase,original,0.351852,0.326356,0.326356,-0.018519,-0.025306,-0.025306,54
all_rows,length_rhythm,8,linear_discriminant_shrinkage,test,modernize,original,0.351852,0.336507,0.336507,-0.018519,-0.035457,-0.035457,54
all_rows,length_rhythm,8,linear_discriminant_shrinkage,test,simplify,original,0.37037,0.317693,0.317693,-0.037037,-0.016643,-0.016643,54
all_rows,lexical_richness,6,nearest_centroid,validation,original,original,0.240741,0.201521,0.201521,0.0,0.0,0.0,54
all_rows,lexical_richness,6,nearest_centroid,validation,paraphrase,original,0.148148,0.049383,0.049383,0.092593,0.152138,0.152138,54
all_rows,lexical_richness,6,nearest_centroid,validation,modernize,original,0.277778,0.224641,0.224641,-0.037037,-0.02312,-0.02312,54
all_rows,lexical_richness,6,nearest_centroid,validation,simplify,original,0.296296,0.241284,0.241284,-0.055555,-0.039763,-0.039763,54
all_rows,lexical_richness,6,nearest_centroid,test,original,original,0.37037,0.368784,0.368784,0.0,0.0,0.0,54
all_rows,lexical_richness,6,nearest_centroid,test,paraphrase,original,0.166667,0.10056,0.10056,0.203703,0.268224,0.268224,54
all_rows,lexical_richness,6,nearest_centroid,test,modernize,original,0.277778,0.275047,0.275047,0.092592,0.093737,0.093737,54
all_rows,lexical_richness,6,nearest_centroid,test,simplify,original,0.259259,0.246499,0.246499,0.111111,0.122285,0.122285,54
all_rows,lexical_richness,6,diagonal_gaussian_nb,validation,original,original,0.259259,0.242087,0.242087,0.0,0.0,0.0,54
all_rows,lexical_richness,6,diagonal_gaussian_nb,validation,paraphrase,original,0.111111,0.049887,0.049887,0.148148,0.1922,0.1922,54
all_rows,lexical_richness,6,diagonal_gaussian_nb,validation,modernize,original,0.240741,0.227931,0.227931,0.018518,0.014156,0.014156,54
all_rows,lexical_richness,6,diagonal_gaussian_nb,validation,simplify,original,0.277778,0.291424,0.291424,-0.018519,-0.049337,-0.049337,54
all_rows,lexical_richness,6,diagonal_gaussian_nb,test,original,original,0.388889,0.35664,0.35664,0.0,0.0,0.0,54
all_rows,lexical_richness,6,diagonal_gaussian_nb,test,paraphrase,original,0.240741,0.160714,0.160714,0.148148,0.195926,0.195926,54
all_rows,lexical_richness,6,diagonal_gaussian_nb,test,modernize,original,0.296296,0.301916,0.301916,0.092593,0.054724,0.054724,54
all_rows,lexical_richness,6,diagonal_gaussian_nb,test,simplify,original,0.296296,0.295481,0.295481,0.092593,0.061159,0.061159,54
all_rows,lexical_richness,6,linear_discriminant_shrinkage,validation,original,original,0.277778,0.251379,0.251379,0.0,0.0,0.0,54
all_rows,lexical_richness,6,linear_discriminant_shrinkage,validation,paraphrase,original,0.12963,0.057778,0.057778,0.148148,0.193601,0.193601,54
all_rows,lexical_richness,6,linear_discriminant_shrinkage,validation,modernize,original,0.314815,0.272559,0.272559,-0.037037,-0.02118,-0.02118,54
all_rows,lexical_richness,6,linear_discriminant_shrinkage,validation,simplify,original,0.314815,0.269224,0.269224,-0.037037,-0.017845,-0.017845,54
all_rows,lexical_richness,6,linear_discriminant_shrinkage,test,original,original,0.37037,0.370578,0.370578,0.0,0.0,0.0,54
all_rows,lexical_richness,6,linear_discriminant_shrinkage,test,paraphrase,original,0.203704,0.130244,0.130244,0.166666,0.240334,0.240334,54
all_rows,lexical_richness,6,linear_discriminant_shrinkage,test,modernize,original,0.277778,0.275047,0.275047,0.092592,0.095531,0.095531,54
all_rows,lexical_richness,6,linear_discriminant_shrinkage,test,simplify,original,0.259259,0.257571,0.257571,0.111111,0.113007,0.113007,54
all_rows,punctuation,10,nearest_centroid,validation,original,original,0.444444,0.439218,0.439218,0.0,0.0,0.0,54
all_rows,punctuation,10,nearest_centroid,validation,paraphrase,original,0.388889,0.369735,0.369735,0.055555,0.069483,0.069483,54
all_rows,punctuation,10,nearest_centroid,validation,modernize,original,0.388889,0.3794,0.3794,0.055555,0.059818,0.059818,54
all_rows,punctuation,10,nearest_centroid,validation,simplify,original,0.444444,0.412726,0.412726,0.0,0.026492,0.026492,54
all_rows,punctuation,10,nearest_centroid,test,original,original,0.444444,0.436272,0.436272,0.0,0.0,0.0,54
all_rows,punctuation,10,nearest_centroid,test,paraphrase,original,0.462963,0.471368,0.471368,-0.018519,-0.035096,-0.035096,54
all_rows,punctuation,10,nearest_centroid,test,modernize,original,0.481481,0.46842,0.46842,-0.037037,-0.032148,-0.032148,54
all_rows,punctuation,10,nearest_centroid,test,simplify,original,0.425926,0.406996,0.406996,0.018518,0.029276,0.029276,54
all_rows,punctuation,10,diagonal_gaussian_nb,validation,original,original,0.444444,0.35518,0.35518,0.0,0.0,0.0,54
all_rows,punctuation,10,diagonal_gaussian_nb,validation,paraphrase,original,0.351852,0.26126,0.26126,0.092592,0.09392,0.09392,54
all_rows,punctuation,10,diagonal_gaussian_nb,validation,modernize,original,0.407407,0.322438,0.322438,0.037037,0.032742,0.032742,54
all_rows,punctuation,10,diagonal_gaussian_nb,validation,simplify,original,0.37037,0.300683,0.300683,0.074074,0.054497,0.054497,54
all_rows,punctuation,10,diagonal_gaussian_nb,test,original,original,0.407407,0.313272,0.313272,0.0,0.0,0.0,54
all_rows,punctuation,10,diagonal_gaussian_nb,test,paraphrase,original,0.462963,0.344203,0.344203,-0.055556,-0.030931,-0.030931,54
all_rows,punctuation,10,diagonal_gaussian_nb,test,modernize,original,0.444444,0.346701,0.346701,-0.037037,-0.033429,-0.033429,54
all_rows,punctuation,10,diagonal_gaussian_nb,test,simplify,original,0.388889,0.310692,0.310692,0.018518,0.00258,0.00258,54
all_rows,punctuation,10,linear_discriminant_shrinkage,validation,original,original,0.5,0.495595,0.495595,0.0,0.0,0.0,54
all_rows,punctuation,10,linear_discriminant_shrinkage,validation,paraphrase,original,0.425926,0.411972,0.411972,0.074074,0.083623,0.083623,54
all_rows,punctuation,10,linear_discriminant_shrinkage,validation,modernize,original,0.425926,0.403121,0.403121,0.074074,0.092474,0.092474,54
all_rows,punctuation,10,linear_discriminant_shrinkage,validation,simplify,original,0.425926,0.398755,0.398755,0.074074,0.09684,0.09684,54
all_rows,punctuation,10,linear_discriminant_shrinkage,test,original,original,0.518519,0.506396,0.506396,0.0,0.0,0.0,54
all_rows,punctuation,10,linear_discriminant_shrinkage,test,paraphrase,original,0.462963,0.478868,0.478868,0.055556,0.027528,0.027528,54
all_rows,punctuation,10,linear_discriminant_shrinkage,test,modernize,original,0.481481,0.469936,0.469936,0.037038,0.03646,0.03646,54
all_rows,punctuation,10,linear_discriminant_shrinkage,test,simplify,original,0.407407,0.385913,0.385913,0.111112,0.120483,0.120483,54
all_rows,register_marker,4,nearest_centroid,validation,original,original,0.277778,0.276199,0.276199,0.0,0.0,0.0,54
all_rows,register_marker,4,nearest_centroid,validation,paraphrase,original,0.259259,0.220758,0.220758,0.018519,0.055441,0.055441,54
all_rows,register_marker,4,nearest_centroid,validation,modernize,original,0.259259,0.236593,0.236593,0.018519,0.039606,0.039606,54
all_rows,register_marker,4,nearest_centroid,validation,simplify,original,0.222222,0.170354,0.170354,0.055556,0.105845,0.105845,54
all_rows,register_marker,4,nearest_centroid,test,original,original,0.444444,0.45296,0.45296,0.0,0.0,0.0,54
all_rows,register_marker,4,nearest_centroid,test,paraphrase,original,0.351852,0.339827,0.339827,0.092592,0.113133,0.113133,54
all_rows,register_marker,4,nearest_centroid,test,modernize,original,0.37037,0.363892,0.363892,0.074074,0.089068,0.089068,54
all_rows,register_marker,4,nearest_centroid,test,simplify,original,0.296296,0.274056,0.274056,0.148148,0.178904,0.178904,54
all_rows,register_marker,4,diagonal_gaussian_nb,validation,original,original,0.240741,0.209396,0.209396,0.0,0.0,0.0,54
all_rows,register_marker,4,diagonal_gaussian_nb,validation,paraphrase,original,0.333333,0.265192,0.265192,-0.092592,-0.055796,-0.055796,54
all_rows,register_marker,4,diagonal_gaussian_nb,validation,modernize,original,0.296296,0.253535,0.253535,-0.055555,-0.044139,-0.044139,54
all_rows,register_marker,4,diagonal_gaussian_nb,validation,simplify,original,0.314815,0.243973,0.243973,-0.074074,-0.034577,-0.034577,54
all_rows,register_marker,4,diagonal_gaussian_nb,test,original,original,0.425926,0.394605,0.394605,0.0,0.0,0.0,54
all_rows,register_marker,4,diagonal_gaussian_nb,test,paraphrase,original,0.277778,0.196825,0.196825,0.148148,0.19778,0.19778,54
all_rows,register_marker,4,diagonal_gaussian_nb,test,modernize,original,0.296296,0.247993,0.247993,0.12963,0.146612,0.146612,54
all_rows,register_marker,4,diagonal_gaussian_nb,test,simplify,original,0.351852,0.2898,0.2898,0.074074,0.104805,0.104805,54
all_rows,register_marker,4,linear_discriminant_shrinkage,validation,original,original,0.277778,0.275737,0.275737,0.0,0.0,0.0,54
all_rows,register_marker,4,linear_discriminant_shrinkage,validation,paraphrase,original,0.222222,0.194325,0.194325,0.055556,0.081412,0.081412,54
all_rows,register_marker,4,linear_discriminant_shrinkage,validation,modernize,original,0.222222,0.210145,0.210145,0.055556,0.065592,0.065592,54
all_rows,register_marker,4,linear_discriminant_shrinkage,validation,simplify,original,0.203704,0.144689,0.144689,0.074074,0.131048,0.131048,54
all_rows,register_marker,4,linear_discriminant_shrinkage,test,original,original,0.407407,0.417904,0.417904,0.0,0.0,0.0,54
all_rows,register_marker,4,linear_discriminant_shrinkage,test,paraphrase,original,0.351852,0.339827,0.339827,0.055555,0.078077,0.078077,54
all_rows,register_marker,4,linear_discriminant_shrinkage,test,modernize,original,0.296296,0.295124,0.295124,0.111111,0.12278,0.12278,54
all_rows,register_marker,4,linear_discriminant_shrinkage,test,simplify,original,0.240741,0.230552,0.230552,0.166666,0.187352,0.187352,54
qc_pass_only,char3,120,nearest_centroid,validation,original,original,0.611111,0.59829,0.59829,0.0,0.0,0.0,54
qc_pass_only,char3,120,nearest_centroid,validation,paraphrase,original,0.363636,0.307493,0.315061,0.247475,0.290797,0.283229,44
qc_pass_only,char3,120,nearest_centroid,validation,modernize,original,0.54,0.522402,0.527979,0.071111,0.075888,0.070311,50
qc_pass_only,char3,120,nearest_centroid,validation,simplify,original,0.468085,0.421771,0.432311,0.143026,0.176519,0.165979,47
qc_pass_only,char3,120,nearest_centroid,test,original,original,0.648148,0.649932,0.649932,0.0,0.0,0.0,54
qc_pass_only,char3,120,nearest_centroid,test,paraphrase,original,0.382979,0.344368,0.330261,0.265169,0.305564,0.319671,47
qc_pass_only,char3,120,nearest_centroid,test,modernize,original,0.471698,0.448735,0.451396,0.17645,0.201197,0.198536,53
qc_pass_only,char3,120,nearest_centroid,test,simplify,original,0.509804,0.489281,0.493945,0.138344,0.160651,0.155987,51
qc_pass_only,char3,120,diagonal_gaussian_nb,validation,original,original,0.574074,0.559045,0.559045,0.0,0.0,0.0,54
qc_pass_only,char3,120,diagonal_gaussian_nb,validation,paraphrase,original,0.477273,0.440741,0.449242,0.096801,0.118304,0.109803,44
qc_pass_only,char3,120,diagonal_gaussian_nb,validation,modernize,original,0.52,0.500172,0.505122,0.054074,0.058873,0.053923,50
qc_pass_only,char3,120,diagonal_gaussian_nb,validation,simplify,original,0.468085,0.448767,0.460218,0.105989,0.110278,0.098827,47
qc_pass_only,char3,120,diagonal_gaussian_nb,test,original,original,0.722222,0.725259,0.725259,0.0,0.0,0.0,54
qc_pass_only,char3,120,diagonal_gaussian_nb,test,paraphrase,original,0.382979,0.367017,0.35548,0.339243,0.358242,0.369779,47
qc_pass_only,char3,120,diagonal_gaussian_nb,test,modernize,original,0.45283,0.447293,0.448186,0.269392,0.277966,0.277073,53
qc_pass_only,char3,120,diagonal_gaussian_nb,test,simplify,original,0.45098,0.416181,0.416656,0.271242,0.309078,0.308603,51
qc_pass_only,char3,120,linear_discriminant_shrinkage,validation,original,original,0.592593,0.58155,0.58155,0.0,0.0,0.0,54
qc_pass_only,char3,120,linear_discriminant_shrinkage,validation,paraphrase,original,0.386364,0.304657,0.320232,0.206229,0.276893,0.261318,44
qc_pass_only,char3,120,linear_discriminant_shrinkage,validation,modernize,original,0.5,0.492346,0.495885,0.092593,0.089204,0.085665,50
qc_pass_only,char3,120,linear_discriminant_shrinkage,validation,simplify,original,0.425532,0.399603,0.409726,0.167061,0.181947,0.171824,47
qc_pass_only,char3,120,linear_discriminant_shrinkage,test,original,original,0.648148,0.649932,0.649932,0.0,0.0,0.0,54
qc_pass_only,char3,120,linear_discriminant_shrinkage,test,paraphrase,original,0.425532,0.381603,0.367898,0.222616,0.268329,0.282034,47
qc_pass_only,char3,120,linear_discriminant_shrinkage,test,modernize,original,0.471698,0.455376,0.458162,0.17645,0.194556,0.19177,53
qc_pass_only,char3,120,linear_discriminant_shrinkage,test,simplify,original,0.490196,0.4643,0.468878,0.157952,0.185632,0.181054,51
qc_pass_only,function_word,57,nearest_centroid,validation,original,original,0.574074,0.571303,0.571303,0.0,0.0,0.0,54
qc_pass_only,function_word,57,nearest_centroid,validation,paraphrase,original,0.363636,0.331993,0.345232,0.210438,0.23931,0.226071,44
qc_pass_only,function_word,57,nearest_centroid,validation,modernize,original,0.5,0.490741,0.495556,0.074074,0.080562,0.075747,50
qc_pass_only,function_word,57,nearest_centroid,validation,simplify,original,0.468085,0.395366,0.414983,0.105989,0.175937,0.15632,47
qc_pass_only,function_word,57,nearest_centroid,test,original,original,0.592593,0.590119,0.590119,0.0,0.0,0.0,54
qc_pass_only,function_word,57,nearest_centroid,test,paraphrase,original,0.468085,0.437368,0.42191,0.124508,0.152751,0.168209,47
qc_pass_only,function_word,57,nearest_centroid,test,modernize,original,0.509434,0.484535,0.487872,0.083159,0.105584,0.102247,53
qc_pass_only,function_word,57,nearest_centroid,test,simplify,original,0.529412,0.501202,0.504617,0.063181,0.088917,0.085502,51
qc_pass_only,function_word,57,diagonal_gaussian_nb,validation,original,original,0.648148,0.639775,0.639775,0.0,0.0,0.0,54
qc_pass_only,function_word,57,diagonal_gaussian_nb,validation,paraphrase,original,0.431818,0.396717,0.410882,0.21633,0.243058,0.228893,44
qc_pass_only,function_word,57,diagonal_gaussian_nb,validation,modernize,original,0.54,0.52704,0.528314,0.108148,0.112735,0.111461,50
qc_pass_only,function_word,57,diagonal_gaussian_nb,validation,simplify,original,0.617021,0.574751,0.585748,0.031127,0.065024,0.054027,47
qc_pass_only,function_word,57,diagonal_gaussian_nb,test,original,original,0.555556,0.552546,0.552546,0.0,0.0,0.0,54
qc_pass_only,function_word,57,diagonal_gaussian_nb,test,paraphrase,original,0.468085,0.440504,0.428554,0.087471,0.112042,0.123992,47
qc_pass_only,function_word,57,diagonal_gaussian_nb,test,modernize,original,0.490566,0.471464,0.472812,0.06499,0.081082,0.079734,53
qc_pass_only,function_word,57,diagonal_gaussian_nb,test,simplify,original,0.411765,0.370872,0.374315,0.143791,0.181674,0.178231,51
qc_pass_only,function_word,57,linear_discriminant_shrinkage,validation,original,original,0.592593,0.584211,0.584211,0.0,0.0,0.0,54
qc_pass_only,function_word,57,linear_discriminant_shrinkage,validation,paraphrase,original,0.386364,0.353033,0.367587,0.206229,0.231178,0.216624,44
qc_pass_only,function_word,57,linear_discriminant_shrinkage,validation,modernize,original,0.46,0.448478,0.453164,0.132593,0.135733,0.131047,50
qc_pass_only,function_word,57,linear_discriminant_shrinkage,validation,simplify,original,0.468085,0.398093,0.419243,0.124508,0.186118,0.164968,47
qc_pass_only,function_word,57,linear_discriminant_shrinkage,test,original,original,0.574074,0.566936,0.566936,0.0,0.0,0.0,54
qc_pass_only,function_word,57,linear_discriminant_shrinkage,test,paraphrase,original,0.446809,0.415768,0.397904,0.127265,0.151168,0.169032,47
qc_pass_only,function_word,57,linear_discriminant_shrinkage,test,modernize,original,0.509434,0.484535,0.487872,0.06464,0.082401,0.079064,53
qc_pass_only,function_word,57,linear_discriminant_shrinkage,test,simplify,original,0.529412,0.505473,0.509566,0.044662,0.061463,0.05737,51
qc_pass_only,length_rhythm,8,nearest_centroid,validation,original,original,0.351852,0.322724,0.322724,0.0,0.0,0.0,54
qc_pass_only,length_rhythm,8,nearest_centroid,validation,paraphrase,original,0.363636,0.33925,0.345849,-0.011784,-0.016526,-0.023125,44
qc_pass_only,length_rhythm,8,nearest_centroid,validation,modernize,original,0.4,0.395328,0.395015,-0.048148,-0.072604,-0.072291,50
qc_pass_only,length_rhythm,8,nearest_centroid,validation,simplify,original,0.340426,0.267143,0.26137,0.011426,0.055581,0.061354,47
qc_pass_only,length_rhythm,8,nearest_centroid,test,original,original,0.314815,0.284628,0.284628,0.0,0.0,0.0,54
qc_pass_only,length_rhythm,8,nearest_centroid,test,paraphrase,original,0.382979,0.344718,0.35887,-0.068164,-0.06009,-0.074242,47
qc_pass_only,length_rhythm,8,nearest_centroid,test,modernize,original,0.377358,0.371745,0.371684,-0.062543,-0.087117,-0.087056,53
qc_pass_only,length_rhythm,8,nearest_centroid,test,simplify,original,0.333333,0.286928,0.289231,-0.018518,-0.0023,-0.004603,51
qc_pass_only,length_rhythm,8,diagonal_gaussian_nb,validation,original,original,0.296296,0.271934,0.271934,0.0,0.0,0.0,54
qc_pass_only,length_rhythm,8,diagonal_gaussian_nb,validation,paraphrase,original,0.318182,0.292728,0.299378,-0.021886,-0.020794,-0.027444,44
qc_pass_only,length_rhythm,8,diagonal_gaussian_nb,validation,modernize,original,0.28,0.247266,0.249968,0.016296,0.024668,0.021966,50
qc_pass_only,length_rhythm,8,diagonal_gaussian_nb,validation,simplify,original,0.212766,0.214195,0.217437,0.08353,0.057739,0.054497,47
qc_pass_only,length_rhythm,8,diagonal_gaussian_nb,test,original,original,0.388889,0.335566,0.335566,0.0,0.0,0.0,54
qc_pass_only,length_rhythm,8,diagonal_gaussian_nb,test,paraphrase,original,0.297872,0.267725,0.266937,0.091017,0.067841,0.068629,47
qc_pass_only,length_rhythm,8,diagonal_gaussian_nb,test,modernize,original,0.415094,0.377172,0.374854,-0.026205,-0.041606,-0.039288,53
qc_pass_only,length_rhythm,8,diagonal_gaussian_nb,test,simplify,original,0.333333,0.303992,0.296692,0.055556,0.031574,0.038874,51
qc_pass_only,length_rhythm,8,linear_discriminant_shrinkage,validation,original,original,0.333333,0.295865,0.295865,0.0,0.0,0.0,54
qc_pass_only,length_rhythm,8,linear_discriminant_shrinkage,validation,paraphrase,original,0.340909,0.308869,0.320043,-0.007576,-0.013004,-0.024178,44
qc_pass_only,length_rhythm,8,linear_discriminant_shrinkage,validation,modernize,original,0.42,0.410686,0.409031,-0.086667,-0.114821,-0.113166,50
qc_pass_only,length_rhythm,8,linear_discriminant_shrinkage,validation,simplify,original,0.297872,0.259699,0.259014,0.035461,0.036166,0.036851,47
qc_pass_only,length_rhythm,8,linear_discriminant_shrinkage,test,original,original,0.333333,0.30105,0.30105,0.0,0.0,0.0,54
qc_pass_only,length_rhythm,8,linear_discriminant_shrinkage,test,paraphrase,original,0.404255,0.364734,0.379121,-0.070922,-0.063684,-0.078071,47
qc_pass_only,length_rhythm,8,linear_discriminant_shrinkage,test,modernize,original,0.358491,0.341573,0.340942,-0.025158,-0.040523,-0.039892,53
qc_pass_only,length_rhythm,8,linear_discriminant_shrinkage,test,simplify,original,0.392157,0.332521,0.334631,-0.058824,-0.031471,-0.033581,51
qc_pass_only,lexical_richness,6,nearest_centroid,validation,original,original,0.240741,0.201521,0.201521,0.0,0.0,0.0,54
qc_pass_only,lexical_richness,6,nearest_centroid,validation,paraphrase,original,0.159091,0.051852,0.056566,0.08165,0.149669,0.144955,44
qc_pass_only,lexical_richness,6,nearest_centroid,validation,modernize,original,0.28,0.230912,0.234496,-0.039259,-0.029391,-0.032975,50
qc_pass_only,lexical_richness,6,nearest_centroid,validation,simplify,original,0.319149,0.2678,0.269643,-0.078408,-0.066279,-0.068122,47
qc_pass_only,lexical_richness,6,nearest_centroid,test,original,original,0.37037,0.368784,0.368784,0.0,0.0,0.0,54
qc_pass_only,lexical_richness,6,nearest_centroid,test,paraphrase,original,0.191489,0.120338,0.121076,0.178881,0.248446,0.247708,47
qc_pass_only,lexical_richness,6,nearest_centroid,test,modernize,original,0.283019,0.279971,0.28148,0.087351,0.088813,0.087304,53
qc_pass_only,lexical_richness,6,nearest_centroid,test,simplify,original,0.27451,0.255623,0.264777,0.09586,0.113161,0.104007,51
qc_pass_only,lexical_richness,6,diagonal_gaussian_nb,validation,original,original,0.259259,0.242087,0.242087,0.0,0.0,0.0,54
qc_pass_only,lexical_richness,6,diagonal_gaussian_nb,validation,paraphrase,original,0.090909,0.043694,0.04398,0.16835,0.198393,0.198107,44
qc_pass_only,lexical_richness,6,diagonal_gaussian_nb,validation,modernize,original,0.26,0.247946,0.249742,-0.000741,-0.005859,-0.007655,50
qc_pass_only,lexical_richness,6,diagonal_gaussian_nb,validation,simplify,original,0.276596,0.29,0.296028,-0.017337,-0.047913,-0.053941,47
qc_pass_only,lexical_richness,6,diagonal_gaussian_nb,test,original,original,0.388889,0.35664,0.35664,0.0,0.0,0.0,54
qc_pass_only,lexical_richness,6,diagonal_gaussian_nb,test,paraphrase,original,0.234043,0.168968,0.162094,0.154846,0.187672,0.194546,47
qc_pass_only,lexical_richness,6,diagonal_gaussian_nb,test,modernize,original,0.283019,0.294692,0.289154,0.10587,0.061948,0.067486,53
qc_pass_only,lexical_richness,6,diagonal_gaussian_nb,test,simplify,original,0.294118,0.298942,0.302708,0.094771,0.057698,0.053932,51
qc_pass_only,lexical_richness,6,linear_discriminant_shrinkage,validation,original,original,0.277778,0.251379,0.251379,0.0,0.0,0.0,54
qc_pass_only,lexical_richness,6,linear_discriminant_shrinkage,validation,paraphrase,original,0.159091,0.069298,0.073325,0.118687,0.182081,0.178054,44
qc_pass_only,lexical_richness,6,linear_discriminant_shrinkage,validation,modernize,original,0.32,0.282347,0.285339,-0.042222,-0.030968,-0.03396,50
qc_pass_only,lexical_richness,6,linear_discriminant_shrinkage,validation,simplify,original,0.340426,0.300509,0.303641,-0.062648,-0.04913,-0.052262,47
qc_pass_only,lexical_richness,6,linear_discriminant_shrinkage,test,original,original,0.37037,0.370578,0.370578,0.0,0.0,0.0,54
qc_pass_only,lexical_richness,6,linear_discriminant_shrinkage,test,paraphrase,original,0.212766,0.138158,0.139138,0.157604,0.23242,0.23144,47
qc_pass_only,lexical_richness,6,linear_discriminant_shrinkage,test,modernize,original,0.283019,0.279971,0.28148,0.087351,0.090607,0.089098,53
qc_pass_only,lexical_richness,6,linear_discriminant_shrinkage,test,simplify,original,0.27451,0.268444,0.275738,0.09586,0.102134,0.09484,51
qc_pass_only,punctuation,10,nearest_centroid,validation,original,original,0.444444,0.439218,0.439218,0.0,0.0,0.0,54
qc_pass_only,punctuation,10,nearest_centroid,validation,paraphrase,original,0.386364,0.364203,0.369419,0.05808,0.075015,0.069799,44
qc_pass_only,punctuation,10,nearest_centroid,validation,modernize,original,0.4,0.395902,0.389879,0.044444,0.043316,0.049339,50
qc_pass_only,punctuation,10,nearest_centroid,validation,simplify,original,0.425532,0.397743,0.391422,0.018912,0.041475,0.047796,47
qc_pass_only,punctuation,10,nearest_centroid,test,original,original,0.444444,0.436272,0.436272,0.0,0.0,0.0,54
qc_pass_only,punctuation,10,nearest_centroid,test,paraphrase,original,0.446809,0.458868,0.470472,-0.002365,-0.022596,-0.0342,47
qc_pass_only,punctuation,10,nearest_centroid,test,modernize,original,0.471698,0.462359,0.459762,-0.027254,-0.026087,-0.02349,53
qc_pass_only,punctuation,10,nearest_centroid,test,simplify,original,0.45098,0.428395,0.422056,-0.006536,0.007877,0.014216,51
qc_pass_only,punctuation,10,diagonal_gaussian_nb,validation,original,original,0.444444,0.35518,0.35518,0.0,0.0,0.0,54
qc_pass_only,punctuation,10,diagonal_gaussian_nb,validation,paraphrase,original,0.409091,0.305109,0.315752,0.035353,0.050071,0.039428,44
qc_pass_only,punctuation,10,diagonal_gaussian_nb,validation,modernize,original,0.42,0.340586,0.326963,0.024444,0.014594,0.028217,50
qc_pass_only,punctuation,10,diagonal_gaussian_nb,validation,simplify,original,0.361702,0.265012,0.266396,0.082742,0.090168,0.088784,47
qc_pass_only,punctuation,10,diagonal_gaussian_nb,test,original,original,0.407407,0.313272,0.313272,0.0,0.0,0.0,54
qc_pass_only,punctuation,10,diagonal_gaussian_nb,test,paraphrase,original,0.489362,0.322511,0.357005,-0.081955,-0.009239,-0.043733,47
qc_pass_only,punctuation,10,diagonal_gaussian_nb,test,modernize,original,0.45283,0.353016,0.355903,-0.045423,-0.039744,-0.042631,53
qc_pass_only,punctuation,10,diagonal_gaussian_nb,test,simplify,original,0.392157,0.316692,0.317238,0.01525,-0.00342,-0.003966,51
qc_pass_only,punctuation,10,linear_discriminant_shrinkage,validation,original,original,0.5,0.495595,0.495595,0.0,0.0,0.0,54
qc_pass_only,punctuation,10,linear_discriminant_shrinkage,validation,paraphrase,original,0.431818,0.410506,0.419106,0.068182,0.085089,0.076489,44
qc_pass_only,punctuation,10,linear_discriminant_shrinkage,validation,modernize,original,0.44,0.424112,0.417438,0.06,0.071483,0.078157,50
qc_pass_only,punctuation,10,linear_discriminant_shrinkage,validation,simplify,original,0.404255,0.381838,0.376323,0.095745,0.113757,0.119272,47
qc_pass_only,punctuation,10,linear_discriminant_shrinkage,test,original,original,0.518519,0.506396,0.506396,0.0,0.0,0.0,54
qc_pass_only,punctuation,10,linear_discriminant_shrinkage,test,paraphrase,original,0.446809,0.460622,0.479486,0.07171,0.045774,0.02691,47
qc_pass_only,punctuation,10,linear_discriminant_shrinkage,test,modernize,original,0.471698,0.463725,0.461693,0.046821,0.042671,0.044703,53
qc_pass_only,punctuation,10,linear_discriminant_shrinkage,test,simplify,original,0.431373,0.406606,0.399494,0.087146,0.09979,0.106902,51
qc_pass_only,register_marker,4,nearest_centroid,validation,original,original,0.277778,0.276199,0.276199,0.0,0.0,0.0,54
qc_pass_only,register_marker,4,nearest_centroid,validation,paraphrase,original,0.25,0.208995,0.210678,0.027778,0.067204,0.065521,44
qc_pass_only,register_marker,4,nearest_centroid,validation,modernize,original,0.26,0.240039,0.236848,0.017778,0.03616,0.039351,50
qc_pass_only,register_marker,4,nearest_centroid,validation,simplify,original,0.212766,0.166744,0.162545,0.065012,0.109455,0.113654,47
qc_pass_only,register_marker,4,nearest_centroid,test,original,original,0.444444,0.45296,0.45296,0.0,0.0,0.0,54
qc_pass_only,register_marker,4,nearest_centroid,test,paraphrase,original,0.319149,0.31456,0.310967,0.125295,0.1384,0.141993,47
qc_pass_only,register_marker,4,nearest_centroid,test,modernize,original,0.377358,0.369448,0.366355,0.067086,0.083512,0.086605,53
qc_pass_only,register_marker,4,nearest_centroid,test,simplify,original,0.294118,0.268748,0.266261,0.150326,0.184212,0.186699,51
qc_pass_only,register_marker,4,diagonal_gaussian_nb,validation,original,original,0.240741,0.209396,0.209396,0.0,0.0,0.0,54
qc_pass_only,register_marker,4,diagonal_gaussian_nb,validation,paraphrase,original,0.363636,0.277272,0.282457,-0.122895,-0.067876,-0.073061,44
qc_pass_only,register_marker,4,diagonal_gaussian_nb,validation,modernize,original,0.32,0.273618,0.273721,-0.079259,-0.064222,-0.064325,50
qc_pass_only,register_marker,4,diagonal_gaussian_nb,validation,simplify,original,0.361702,0.277127,0.272469,-0.120961,-0.067731,-0.063073,47
qc_pass_only,register_marker,4,diagonal_gaussian_nb,test,original,original,0.425926,0.394605,0.394605,0.0,0.0,0.0,54
qc_pass_only,register_marker,4,diagonal_gaussian_nb,test,paraphrase,original,0.276596,0.207407,0.194799,0.14933,0.187198,0.199806,47
qc_pass_only,register_marker,4,diagonal_gaussian_nb,test,modernize,original,0.301887,0.251616,0.246519,0.124039,0.142989,0.148086,53
qc_pass_only,register_marker,4,diagonal_gaussian_nb,test,simplify,original,0.372549,0.303049,0.294979,0.053377,0.091556,0.099626,51
qc_pass_only,register_marker,4,linear_discriminant_shrinkage,validation,original,original,0.277778,0.275737,0.275737,0.0,0.0,0.0,54
qc_pass_only,register_marker,4,linear_discriminant_shrinkage,validation,paraphrase,original,0.227273,0.192857,0.193939,0.050505,0.08288,0.081798,44
qc_pass_only,register_marker,4,linear_discriminant_shrinkage,validation,modernize,original,0.22,0.212325,0.20731,0.057778,0.063412,0.068427,50
qc_pass_only,register_marker,4,linear_discriminant_shrinkage,validation,simplify,original,0.191489,0.142063,0.139007,0.086289,0.133674,0.13673,47
qc_pass_only,register_marker,4,linear_discriminant_shrinkage,test,original,original,0.407407,0.417904,0.417904,0.0,0.0,0.0,54
qc_pass_only,register_marker,4,linear_discriminant_shrinkage,test,paraphrase,original,0.319149,0.31456,0.310967,0.088258,0.103344,0.106937,47
qc_pass_only,register_marker,4,linear_discriminant_shrinkage,test,modernize,original,0.301887,0.298787,0.298619,0.10552,0.119117,0.119285,53
qc_pass_only,register_marker,4,linear_discriminant_shrinkage,test,simplify,original,0.254902,0.240842,0.238707,0.152505,0.177062,0.179197,51
pass_plus_non_hard_length_warning,char3,120,nearest_centroid,validation,original,original,0.611111,0.59829,0.59829,0.0,0.0,0.0,54
pass_plus_non_hard_length_warning,char3,120,nearest_centroid,validation,paraphrase,original,0.346939,0.303682,0.302586,0.264172,0.294608,0.295704,49
pass_plus_non_hard_length_warning,char3,120,nearest_centroid,validation,modernize,original,0.555556,0.539813,0.539813,0.055555,0.058477,0.058477,54
pass_plus_non_hard_length_warning,char3,120,nearest_centroid,validation,simplify,original,0.471698,0.429275,0.431569,0.139413,0.169015,0.166721,53
pass_plus_non_hard_length_warning,char3,120,nearest_centroid,test,original,original,0.648148,0.649932,0.649932,0.0,0.0,0.0,54
pass_plus_non_hard_length_warning,char3,120,nearest_centroid,test,paraphrase,original,0.36,0.326232,0.311429,0.288148,0.3237,0.338503,50
pass_plus_non_hard_length_warning,char3,120,nearest_centroid,test,modernize,original,0.481481,0.46412,0.46412,0.166667,0.185812,0.185812,54
pass_plus_non_hard_length_warning,char3,120,nearest_centroid,test,simplify,original,0.509434,0.49176,0.496321,0.138714,0.158172,0.153611,53
pass_plus_non_hard_length_warning,char3,120,diagonal_gaussian_nb,validation,original,original,0.574074,0.559045,0.559045,0.0,0.0,0.0,54
pass_plus_non_hard_length_warning,char3,120,diagonal_gaussian_nb,validation,paraphrase,original,0.469388,0.435847,0.432054,0.104686,0.123198,0.126991,49
pass_plus_non_hard_length_warning,char3,120,diagonal_gaussian_nb,validation,modernize,original,0.518519,0.503738,0.503738,0.055555,0.055307,0.055307,54
pass_plus_non_hard_length_warning,char3,120,diagonal_gaussian_nb,validation,simplify,original,0.45283,0.4435,0.443781,0.121244,0.115545,0.115264,53
pass_plus_non_hard_length_warning,char3,120,diagonal_gaussian_nb,test,original,original,0.722222,0.725259,0.725259,0.0,0.0,0.0,54
pass_plus_non_hard_length_warning,char3,120,diagonal_gaussian_nb,test,paraphrase,original,0.36,0.345019,0.328996,0.362222,0.38024,0.396263,50
pass_plus_non_hard_length_warning,char3,120,diagonal_gaussian_nb,test,modernize,original,0.462963,0.459058,0.459058,0.259259,0.266201,0.266201,54
pass_plus_non_hard_length_warning,char3,120,diagonal_gaussian_nb,test,simplify,original,0.471698,0.434506,0.436746,0.250524,0.290753,0.288513,53
pass_plus_non_hard_length_warning,char3,120,linear_discriminant_shrinkage,validation,original,original,0.592593,0.58155,0.58155,0.0,0.0,0.0,54
pass_plus_non_hard_length_warning,char3,120,linear_discriminant_shrinkage,validation,paraphrase,original,0.367347,0.313449,0.313954,0.225246,0.268101,0.267596,49
pass_plus_non_hard_length_warning,char3,120,linear_discriminant_shrinkage,validation,modernize,original,0.518519,0.508893,0.508893,0.074074,0.072657,0.072657,54
pass_plus_non_hard_length_warning,char3,120,linear_discriminant_shrinkage,validation,simplify,original,0.433962,0.406864,0.408252,0.158631,0.174686,0.173298,53
pass_plus_non_hard_length_warning,char3,120,linear_discriminant_shrinkage,test,original,original,0.648148,0.649932,0.649932,0.0,0.0,0.0,54
pass_plus_non_hard_length_warning,char3,120,linear_discriminant_shrinkage,test,paraphrase,original,0.4,0.360185,0.3461,0.248148,0.289747,0.303832,50
pass_plus_non_hard_length_warning,char3,120,linear_discriminant_shrinkage,test,modernize,original,0.481481,0.47076,0.47076,0.166667,0.179172,0.179172,54
pass_plus_non_hard_length_warning,char3,120,linear_discriminant_shrinkage,test,simplify,original,0.490566,0.472045,0.474994,0.157582,0.177887,0.174938,53
pass_plus_non_hard_length_warning,function_word,57,nearest_centroid,validation,original,original,0.574074,0.571303,0.571303,0.0,0.0,0.0,54
pass_plus_non_hard_length_warning,function_word,57,nearest_centroid,validation,paraphrase,original,0.326531,0.305406,0.308853,0.247543,0.265897,0.26245,49
pass_plus_non_hard_length_warning,function_word,57,nearest_centroid,validation,modernize,original,0.462963,0.454143,0.454143,0.111111,0.11716,0.11716,54
pass_plus_non_hard_length_warning,function_word,57,nearest_centroid,validation,simplify,original,0.45283,0.394592,0.402037,0.121244,0.176711,0.169266,53
pass_plus_non_hard_length_warning,function_word,57,nearest_centroid,test,original,original,0.592593,0.590119,0.590119,0.0,0.0,0.0,54
pass_plus_non_hard_length_warning,function_word,57,nearest_centroid,test,paraphrase,original,0.48,0.445532,0.431131,0.112593,0.144587,0.158988,50
pass_plus_non_hard_length_warning,function_word,57,nearest_centroid,test,modernize,original,0.518519,0.499919,0.499919,0.074074,0.0902,0.0902,54
pass_plus_non_hard_length_warning,function_word,57,nearest_centroid,test,simplify,original,0.54717,0.522963,0.523396,0.045423,0.067156,0.066723,53
pass_plus_non_hard_length_warning,function_word,57,diagonal_gaussian_nb,validation,original,original,0.648148,0.639775,0.639775,0.0,0.0,0.0,54
pass_plus_non_hard_length_warning,function_word,57,diagonal_gaussian_nb,validation,paraphrase,original,0.428571,0.410496,0.414037,0.219577,0.229279,0.225738,49
pass_plus_non_hard_length_warning,function_word,57,diagonal_gaussian_nb,validation,modernize,original,0.518519,0.503551,0.503551,0.129629,0.136224,0.136224,54
pass_plus_non_hard_length_warning,function_word,57,diagonal_gaussian_nb,validation,simplify,original,0.566038,0.534343,0.536878,0.08211,0.105432,0.102897,53
pass_plus_non_hard_length_warning,function_word,57,diagonal_gaussian_nb,test,original,original,0.555556,0.552546,0.552546,0.0,0.0,0.0,54
pass_plus_non_hard_length_warning,function_word,57,diagonal_gaussian_nb,test,paraphrase,original,0.48,0.448517,0.436065,0.075556,0.104029,0.116481,50
pass_plus_non_hard_length_warning,function_word,57,diagonal_gaussian_nb,test,modernize,original,0.5,0.483229,0.483229,0.055556,0.069317,0.069317,54
pass_plus_non_hard_length_warning,function_word,57,diagonal_gaussian_nb,test,simplify,original,0.433962,0.393079,0.395464,0.121594,0.159467,0.157082,53
pass_plus_non_hard_length_warning,function_word,57,linear_discriminant_shrinkage,validation,original,original,0.592593,0.584211,0.584211,0.0,0.0,0.0,54
pass_plus_non_hard_length_warning,function_word,57,linear_discriminant_shrinkage,validation,paraphrase,original,0.367347,0.342033,0.350751,0.225246,0.242178,0.23346,49
pass_plus_non_hard_length_warning,function_word,57,linear_discriminant_shrinkage,validation,modernize,original,0.425926,0.414106,0.414106,0.166667,0.170105,0.170105,54
pass_plus_non_hard_length_warning,function_word,57,linear_discriminant_shrinkage,validation,simplify,original,0.45283,0.397884,0.405391,0.139763,0.186327,0.17882,53
pass_plus_non_hard_length_warning,function_word,57,linear_discriminant_shrinkage,test,original,original,0.574074,0.566936,0.566936,0.0,0.0,0.0,54
pass_plus_non_hard_length_warning,function_word,57,linear_discriminant_shrinkage,test,paraphrase,original,0.46,0.424784,0.408724,0.114074,0.142152,0.158212,50
pass_plus_non_hard_length_warning,function_word,57,linear_discriminant_shrinkage,test,modernize,original,0.518519,0.499919,0.499919,0.055555,0.067017,0.067017,54
pass_plus_non_hard_length_warning,function_word,57,linear_discriminant_shrinkage,test,simplify,original,0.54717,0.527268,0.527782,0.026904,0.039668,0.039154,53
pass_plus_non_hard_length_warning,length_rhythm,8,nearest_centroid,validation,original,original,0.351852,0.322724,0.322724,0.0,0.0,0.0,54
pass_plus_non_hard_length_warning,length_rhythm,8,nearest_centroid,validation,paraphrase,original,0.367347,0.341602,0.338341,-0.015495,-0.018878,-0.015617,49
pass_plus_non_hard_length_warning,length_rhythm,8,nearest_centroid,validation,modernize,original,0.388889,0.381944,0.381944,-0.037037,-0.05922,-0.05922,54
pass_plus_non_hard_length_warning,length_rhythm,8,nearest_centroid,validation,simplify,original,0.339623,0.26362,0.268594,0.012229,0.059104,0.05413,53
pass_plus_non_hard_length_warning,length_rhythm,8,nearest_centroid,test,original,original,0.314815,0.284628,0.284628,0.0,0.0,0.0,54
pass_plus_non_hard_length_warning,length_rhythm,8,nearest_centroid,test,paraphrase,original,0.36,0.324074,0.338,-0.045185,-0.039446,-0.053372,50
pass_plus_non_hard_length_warning,length_rhythm,8,nearest_centroid,test,modernize,original,0.37037,0.367094,0.367094,-0.055555,-0.082466,-0.082466,54
pass_plus_non_hard_length_warning,length_rhythm,8,nearest_centroid,test,simplify,original,0.320755,0.278592,0.27497,-0.00594,0.006036,0.009658,53
pass_plus_non_hard_length_warning,length_rhythm,8,diagonal_gaussian_nb,validation,original,original,0.296296,0.271934,0.271934,0.0,0.0,0.0,54
pass_plus_non_hard_length_warning,length_rhythm,8,diagonal_gaussian_nb,validation,paraphrase,original,0.306122,0.285203,0.279284,-0.009826,-0.013269,-0.00735,49
pass_plus_non_hard_length_warning,length_rhythm,8,diagonal_gaussian_nb,validation,modernize,original,0.259259,0.231613,0.231613,0.037037,0.040321,0.040321,54
pass_plus_non_hard_length_warning,length_rhythm,8,diagonal_gaussian_nb,validation,simplify,original,0.226415,0.214943,0.214282,0.069881,0.056991,0.057652,53
pass_plus_non_hard_length_warning,length_rhythm,8,diagonal_gaussian_nb,test,original,original,0.388889,0.335566,0.335566,0.0,0.0,0.0,54
pass_plus_non_hard_length_warning,length_rhythm,8,diagonal_gaussian_nb,test,paraphrase,original,0.32,0.280734,0.286498,0.068889,0.054832,0.049068,50
pass_plus_non_hard_length_warning,length_rhythm,8,diagonal_gaussian_nb,test,modernize,original,0.407407,0.367884,0.367884,-0.018518,-0.032318,-0.032318,54
pass_plus_non_hard_length_warning,length_rhythm,8,diagonal_gaussian_nb,test,simplify,original,0.320755,0.289684,0.288288,0.068134,0.045882,0.047278,53
pass_plus_non_hard_length_warning,length_rhythm,8,linear_discriminant_shrinkage,validation,original,original,0.333333,0.295865,0.295865,0.0,0.0,0.0,54
pass_plus_non_hard_length_warning,length_rhythm,8,linear_discriminant_shrinkage,validation,paraphrase,original,0.326531,0.299463,0.298715,0.006802,-0.003598,-0.00285,49
pass_plus_non_hard_length_warning,length_rhythm,8,linear_discriminant_shrinkage,validation,modernize,original,0.407407,0.389375,0.389375,-0.074074,-0.09351,-0.09351,54
pass_plus_non_hard_length_warning,length_rhythm,8,linear_discriminant_shrinkage,validation,simplify,original,0.301887,0.260051,0.264958,0.031446,0.035814,0.030907,53
pass_plus_non_hard_length_warning,length_rhythm,8,linear_discriminant_shrinkage,test,original,original,0.333333,0.30105,0.30105,0.0,0.0,0.0,54
pass_plus_non_hard_length_warning,length_rhythm,8,linear_discriminant_shrinkage,test,paraphrase,original,0.38,0.342742,0.357769,-0.046667,-0.041692,-0.056719,50
pass_plus_non_hard_length_warning,length_rhythm,8,linear_discriminant_shrinkage,test,modernize,original,0.351852,0.336507,0.336507,-0.018519,-0.035457,-0.035457,54
pass_plus_non_hard_length_warning,length_rhythm,8,linear_discriminant_shrinkage,test,simplify,original,0.377358,0.323468,0.319641,-0.044025,-0.022418,-0.018591,53
pass_plus_non_hard_length_warning,lexical_richness,6,nearest_centroid,validation,original,original,0.240741,0.201521,0.201521,0.0,0.0,0.0,54
pass_plus_non_hard_length_warning,lexical_richness,6,nearest_centroid,validation,paraphrase,original,0.142857,0.047619,0.046647,0.097884,0.153902,0.154874,49
pass_plus_non_hard_length_warning,lexical_richness,6,nearest_centroid,validation,modernize,original,0.277778,0.224641,0.224641,-0.037037,-0.02312,-0.02312,54
pass_plus_non_hard_length_warning,lexical_richness,6,nearest_centroid,validation,simplify,original,0.301887,0.246335,0.250983,-0.061146,-0.044814,-0.049462,53
pass_plus_non_hard_length_warning,lexical_richness,6,nearest_centroid,test,original,original,0.37037,0.368784,0.368784,0.0,0.0,0.0,54
pass_plus_non_hard_length_warning,lexical_richness,6,nearest_centroid,test,paraphrase,original,0.18,0.115122,0.111474,0.19037,0.253662,0.25731,50
pass_plus_non_hard_length_warning,lexical_richness,6,nearest_centroid,test,modernize,original,0.277778,0.275047,0.275047,0.092592,0.093737,0.093737,54
pass_plus_non_hard_length_warning,lexical_richness,6,nearest_centroid,test,simplify,original,0.264151,0.24722,0.251885,0.106219,0.121564,0.116899,53
pass_plus_non_hard_length_warning,lexical_richness,6,diagonal_gaussian_nb,validation,original,original,0.259259,0.242087,0.242087,0.0,0.0,0.0,54
pass_plus_non_hard_length_warning,lexical_richness,6,diagonal_gaussian_nb,validation,paraphrase,original,0.102041,0.047674,0.046701,0.157218,0.194413,0.195386,49
pass_plus_non_hard_length_warning,lexical_richness,6,diagonal_gaussian_nb,validation,modernize,original,0.240741,0.227931,0.227931,0.018518,0.014156,0.014156,54
pass_plus_non_hard_length_warning,lexical_richness,6,diagonal_gaussian_nb,validation,simplify,original,0.283019,0.298925,0.299848,-0.02376,-0.056838,-0.057761,53
pass_plus_non_hard_length_warning,lexical_richness,6,diagonal_gaussian_nb,test,original,original,0.388889,0.35664,0.35664,0.0,0.0,0.0,54
pass_plus_non_hard_length_warning,lexical_richness,6,diagonal_gaussian_nb,test,paraphrase,original,0.24,0.171396,0.161541,0.148889,0.185244,0.195099,50
pass_plus_non_hard_length_warning,lexical_richness,6,diagonal_gaussian_nb,test,modernize,original,0.296296,0.301916,0.301916,0.092593,0.054724,0.054724,54
pass_plus_non_hard_length_warning,lexical_richness,6,diagonal_gaussian_nb,test,simplify,original,0.301887,0.301743,0.30492,0.087002,0.054897,0.05172,53
pass_plus_non_hard_length_warning,lexical_richness,6,linear_discriminant_shrinkage,validation,original,original,0.277778,0.251379,0.251379,0.0,0.0,0.0,54
pass_plus_non_hard_length_warning,lexical_richness,6,linear_discriminant_shrinkage,validation,paraphrase,original,0.142857,0.063273,0.061982,0.134921,0.188106,0.189397,49
pass_plus_non_hard_length_warning,lexical_richness,6,linear_discriminant_shrinkage,validation,modernize,original,0.314815,0.272559,0.272559,-0.037037,-0.02118,-0.02118,54
pass_plus_non_hard_length_warning,lexical_richness,6,linear_discriminant_shrinkage,validation,simplify,original,0.320755,0.274274,0.279449,-0.042977,-0.022895,-0.02807,53
pass_plus_non_hard_length_warning,lexical_richness,6,linear_discriminant_shrinkage,test,original,original,0.37037,0.370578,0.370578,0.0,0.0,0.0,54
pass_plus_non_hard_length_warning,lexical_richness,6,linear_discriminant_shrinkage,test,paraphrase,original,0.2,0.131911,0.128463,0.17037,0.238667,0.242115,50
pass_plus_non_hard_length_warning,lexical_richness,6,linear_discriminant_shrinkage,test,modernize,original,0.277778,0.275047,0.275047,0.092592,0.095531,0.095531,54
pass_plus_non_hard_length_warning,lexical_richness,6,linear_discriminant_shrinkage,test,simplify,original,0.264151,0.259681,0.262065,0.106219,0.110897,0.108513,53
pass_plus_non_hard_length_warning,punctuation,10,nearest_centroid,validation,original,original,0.444444,0.439218,0.439218,0.0,0.0,0.0,54
pass_plus_non_hard_length_warning,punctuation,10,nearest_centroid,validation,paraphrase,original,0.387755,0.370607,0.366214,0.056689,0.068611,0.073004,49
pass_plus_non_hard_length_warning,punctuation,10,nearest_centroid,validation,modernize,original,0.388889,0.3794,0.3794,0.055555,0.059818,0.059818,54
pass_plus_non_hard_length_warning,punctuation,10,nearest_centroid,validation,simplify,original,0.433962,0.401374,0.402288,0.010482,0.037844,0.03693,53
pass_plus_non_hard_length_warning,punctuation,10,nearest_centroid,test,original,original,0.444444,0.436272,0.436272,0.0,0.0,0.0,54
pass_plus_non_hard_length_warning,punctuation,10,nearest_centroid,test,paraphrase,original,0.46,0.466396,0.48197,-0.015556,-0.030124,-0.045698,50
pass_plus_non_hard_length_warning,punctuation,10,nearest_centroid,test,modernize,original,0.481481,0.46842,0.46842,-0.037037,-0.032148,-0.032148,54
pass_plus_non_hard_length_warning,punctuation,10,nearest_centroid,test,simplify,original,0.433962,0.415856,0.411124,0.010482,0.020416,0.025148,53
pass_plus_non_hard_length_warning,punctuation,10,diagonal_gaussian_nb,validation,original,original,0.444444,0.35518,0.35518,0.0,0.0,0.0,54
pass_plus_non_hard_length_warning,punctuation,10,diagonal_gaussian_nb,validation,paraphrase,original,0.367347,0.275309,0.275132,0.077097,0.079871,0.080048,49
pass_plus_non_hard_length_warning,punctuation,10,diagonal_gaussian_nb,validation,modernize,original,0.407407,0.322438,0.322438,0.037037,0.032742,0.032742,54
pass_plus_non_hard_length_warning,punctuation,10,diagonal_gaussian_nb,validation,simplify,original,0.377358,0.305715,0.30771,0.067086,0.049465,0.04747,53
pass_plus_non_hard_length_warning,punctuation,10,diagonal_gaussian_nb,test,original,original,0.407407,0.313272,0.313272,0.0,0.0,0.0,54
pass_plus_non_hard_length_warning,punctuation,10,diagonal_gaussian_nb,test,paraphrase,original,0.5,0.361314,0.385775,-0.092593,-0.048042,-0.072503,50
pass_plus_non_hard_length_warning,punctuation,10,diagonal_gaussian_nb,test,modernize,original,0.444444,0.346701,0.346701,-0.037037,-0.033429,-0.033429,54
pass_plus_non_hard_length_warning,punctuation,10,diagonal_gaussian_nb,test,simplify,original,0.377358,0.304272,0.300957,0.030049,0.009,0.012315,53
pass_plus_non_hard_length_warning,punctuation,10,linear_discriminant_shrinkage,validation,original,original,0.5,0.495595,0.495595,0.0,0.0,0.0,54
pass_plus_non_hard_length_warning,punctuation,10,linear_discriminant_shrinkage,validation,paraphrase,original,0.428571,0.413933,0.411559,0.071429,0.081662,0.084036,49
pass_plus_non_hard_length_warning,punctuation,10,linear_discriminant_shrinkage,validation,modernize,original,0.425926,0.403121,0.403121,0.074074,0.092474,0.092474,54
pass_plus_non_hard_length_warning,punctuation,10,linear_discriminant_shrinkage,validation,simplify,original,0.415094,0.387403,0.388054,0.084906,0.108192,0.107541,53
pass_plus_non_hard_length_warning,punctuation,10,linear_discriminant_shrinkage,test,original,original,0.518519,0.506396,0.506396,0.0,0.0,0.0,54
pass_plus_non_hard_length_warning,punctuation,10,linear_discriminant_shrinkage,test,paraphrase,original,0.46,0.470989,0.48988,0.058519,0.035407,0.016516,50
pass_plus_non_hard_length_warning,punctuation,10,linear_discriminant_shrinkage,test,modernize,original,0.481481,0.469936,0.469936,0.037038,0.03646,0.03646,54
pass_plus_non_hard_length_warning,punctuation,10,linear_discriminant_shrinkage,test,simplify,original,0.415094,0.394773,0.389643,0.103425,0.111623,0.116753,53
pass_plus_non_hard_length_warning,register_marker,4,nearest_centroid,validation,original,original,0.277778,0.276199,0.276199,0.0,0.0,0.0,54
pass_plus_non_hard_length_warning,register_marker,4,nearest_centroid,validation,paraphrase,original,0.265306,0.224564,0.218901,0.012472,0.051635,0.057298,49
pass_plus_non_hard_length_warning,register_marker,4,nearest_centroid,validation,modernize,original,0.259259,0.236593,0.236593,0.018519,0.039606,0.039606,54
pass_plus_non_hard_length_warning,register_marker,4,nearest_centroid,validation,simplify,original,0.226415,0.173158,0.174067,0.051363,0.103041,0.102132,53
pass_plus_non_hard_length_warning,register_marker,4,nearest_centroid,test,original,original,0.444444,0.45296,0.45296,0.0,0.0,0.0,54
pass_plus_non_hard_length_warning,register_marker,4,nearest_centroid,test,paraphrase,original,0.34,0.331613,0.331055,0.104444,0.121347,0.121905,50
pass_plus_non_hard_length_warning,register_marker,4,nearest_centroid,test,modernize,original,0.37037,0.363892,0.363892,0.074074,0.089068,0.089068,54
pass_plus_non_hard_length_warning,register_marker,4,nearest_centroid,test,simplify,original,0.283019,0.266832,0.260768,0.161425,0.186128,0.192192,53
pass_plus_non_hard_length_warning,register_marker,4,diagonal_gaussian_nb,validation,original,original,0.240741,0.209396,0.209396,0.0,0.0,0.0,54
pass_plus_non_hard_length_warning,register_marker,4,diagonal_gaussian_nb,validation,paraphrase,original,0.346939,0.267005,0.265919,-0.106198,-0.057609,-0.056523,49
pass_plus_non_hard_length_warning,register_marker,4,diagonal_gaussian_nb,validation,modernize,original,0.296296,0.253535,0.253535,-0.055555,-0.044139,-0.044139,54
pass_plus_non_hard_length_warning,register_marker,4,diagonal_gaussian_nb,validation,simplify,original,0.320755,0.248987,0.244976,-0.080014,-0.039591,-0.03558,53
pass_plus_non_hard_length_warning,register_marker,4,diagonal_gaussian_nb,test,original,original,0.425926,0.394605,0.394605,0.0,0.0,0.0,54
pass_plus_non_hard_length_warning,register_marker,4,diagonal_gaussian_nb,test,paraphrase,original,0.28,0.204233,0.196444,0.145926,0.190372,0.198161,50
pass_plus_non_hard_length_warning,register_marker,4,diagonal_gaussian_nb,test,modernize,original,0.296296,0.247993,0.247993,0.12963,0.146612,0.146612,54
pass_plus_non_hard_length_warning,register_marker,4,diagonal_gaussian_nb,test,simplify,original,0.358491,0.296021,0.29104,0.067435,0.098584,0.103565,53
pass_plus_non_hard_length_warning,register_marker,4,linear_discriminant_shrinkage,validation,original,original,0.277778,0.275737,0.275737,0.0,0.0,0.0,54
pass_plus_non_hard_length_warning,register_marker,4,linear_discriminant_shrinkage,validation,paraphrase,original,0.22449,0.198827,0.193797,0.053288,0.07691,0.08194,49
pass_plus_non_hard_length_warning,register_marker,4,linear_discriminant_shrinkage,validation,modernize,original,0.222222,0.210145,0.210145,0.055556,0.065592,0.065592,54
pass_plus_non_hard_length_warning,register_marker,4,linear_discriminant_shrinkage,validation,simplify,original,0.207547,0.146276,0.149036,0.070231,0.129461,0.126701,53
pass_plus_non_hard_length_warning,register_marker,4,linear_discriminant_shrinkage,test,original,original,0.407407,0.417904,0.417904,0.0,0.0,0.0,54
pass_plus_non_hard_length_warning,register_marker,4,linear_discriminant_shrinkage,test,paraphrase,original,0.34,0.331613,0.331055,0.067407,0.086291,0.086849,50
pass_plus_non_hard_length_warning,register_marker,4,linear_discriminant_shrinkage,test,modernize,original,0.296296,0.295124,0.295124,0.111111,0.12278,0.12278,54
pass_plus_non_hard_length_warning,register_marker,4,linear_discriminant_shrinkage,test,simplify,original,0.245283,0.237876,0.231882,0.162124,0.180028,0.186022,53
