audit_id,condition,added_facts_0_1,omitted_facts_0_1,narrative_order_change_0_1,speaker_or_character_relation_change_0_1,tone_drift_0_2,meaning_preservation_1_5,overall_usable_yes_no,any_semantic_issue_flag,semantic_issue_level
E4_001,paraphrase,1,1,0,0,1,3,no,1,high
E4_002,paraphrase,0,0,0,0,1,4,yes,0,low
E4_003,paraphrase,0,0,0,0,1,4,yes,0,low
E4_004,simplify,0,0,0,0,1,5,yes,0,low
E4_005,simplify,0,0,0,0,1,5,yes,0,low
E4_006,simplify,1,0,0,0,1,4,yes,1,medium
E4_007,simplify,0,0,0,0,1,5,yes,0,low
E4_008,modernize,0,0,0,0,1,5,yes,0,low
E4_009,paraphrase,1,1,0,0,1,4,yes,1,medium
E4_010,paraphrase,0,0,0,0,0,5,yes,0,low
E4_011,simplify,0,0,0,0,1,5,yes,0,low
E4_012,modernize,0,0,0,0,1,5,yes,0,low
E4_013,modernize,0,0,0,0,1,5,yes,0,low
E4_014,modernize,0,0,0,0,1,5,yes,0,low
E4_015,paraphrase,0,0,0,0,2,4,yes,1,medium
E4_016,simplify,0,0,0,0,1,5,yes,0,low
E4_017,simplify,0,0,0,0,1,5,yes,0,low
E4_018,modernize,0,0,0,0,1,5,yes,0,low
E4_019,simplify,0,0,0,0,1,5,yes,0,low
E4_020,modernize,0,0,0,0,1,5,yes,0,low
E4_021,paraphrase,0,0,0,0,0,5,yes,0,low
E4_022,paraphrase,0,0,0,0,0,5,yes,0,low
E4_023,modernize,0,0,0,0,1,4,yes,0,low
E4_024,modernize,0,0,0,0,1,5,yes,0,low
E4_025,paraphrase,0,0,0,0,1,4,yes,0,low
E4_026,paraphrase,0,0,0,0,0,5,yes,0,low
E4_027,simplify,0,0,0,0,1,5,yes,0,low
E4_028,simplify,1,0,0,0,1,4,yes,1,medium
E4_029,simplify,0,0,0,0,1,5,yes,0,low
E4_030,paraphrase,0,0,0,0,0,5,yes,0,low
E4_031,simplify,0,0,0,0,1,4,yes,0,low
E4_032,modernize,0,0,0,0,1,5,yes,0,low
E4_033,modernize,0,0,0,0,1,4,yes,0,low
E4_034,simplify,0,0,0,0,1,4,yes,0,low
E4_035,simplify,0,0,0,0,1,5,yes,0,low
E4_036,paraphrase,0,0,0,0,1,4,yes,0,low
E4_037,modernize,0,0,0,0,1,5,yes,0,low
E4_038,paraphrase,0,0,0,0,0,5,yes,0,low
E4_039,paraphrase,0,0,0,0,0,5,yes,0,low
E4_040,modernize,1,0,0,0,1,4,yes,1,medium
E4_041,simplify,0,0,0,0,1,5,yes,0,low
E4_042,paraphrase,0,0,0,0,1,4,yes,0,low
E4_043,modernize,0,0,0,0,1,5,yes,0,low
E4_044,simplify,0,0,0,0,1,5,yes,0,low
E4_045,modernize,0,0,0,0,1,5,yes,0,low
E4_046,modernize,0,0,0,0,1,5,yes,0,low
E4_047,paraphrase,0,0,0,0,1,4,yes,0,low
E4_048,simplify,0,0,0,0,1,4,yes,0,low
E4_049,paraphrase,0,0,0,0,0,5,yes,0,low
E4_050,simplify,0,1,0,0,1,4,yes,1,medium
E4_051,modernize,0,0,0,0,1,4,yes,0,low
E4_052,simplify,0,0,0,0,1,5,yes,0,low
E4_053,paraphrase,0,0,0,0,1,4,yes,0,low
E4_054,paraphrase,0,0,0,0,1,4,yes,0,low
E4_055,paraphrase,0,0,0,0,0,5,yes,0,low
E4_056,modernize,0,0,0,0,1,4,yes,0,low
E4_057,simplify,0,0,0,0,1,5,yes,0,low
E4_058,simplify,0,0,0,0,1,5,yes,0,low
E4_059,simplify,0,0,0,0,1,4,yes,0,low
E4_060,modernize,0,0,0,0,1,5,yes,0,low
E4_061,paraphrase,1,0,0,0,1,4,yes,1,medium
E4_062,modernize,0,0,0,0,1,4,yes,0,low
E4_063,simplify,0,0,0,0,1,5,yes,0,low
E4_064,simplify,0,0,0,0,1,4,yes,0,low
E4_065,modernize,0,0,0,0,1,5,yes,0,low
E4_066,modernize,0,0,0,0,1,5,yes,0,low
E4_067,paraphrase,0,0,0,0,1,4,yes,0,low
E4_068,simplify,0,0,0,0,1,5,yes,0,low
E4_069,modernize,0,0,0,0,1,5,yes,0,low
E4_070,modernize,0,0,0,0,1,5,yes,0,low
E4_071,simplify,0,0,0,0,1,5,yes,0,low
E4_072,modernize,0,0,0,0,1,5,yes,0,low
E4_073,simplify,0,1,0,0,1,4,yes,1,medium
E4_074,paraphrase,0,0,0,0,1,4,yes,0,low
E4_075,modernize,0,0,0,0,1,4,yes,0,low
E4_076,simplify,0,0,0,0,1,5,yes,0,low
E4_077,modernize,0,0,0,0,1,5,yes,0,low
E4_078,modernize,0,0,0,0,1,4,yes,0,low
E4_079,simplify,0,0,0,0,2,4,yes,1,medium
E4_080,paraphrase,0,0,0,0,1,4,yes,0,low
E4_081,paraphrase,0,0,0,0,1,4,yes,0,low
E4_082,modernize,0,0,0,0,1,4,yes,0,low
E4_083,paraphrase,0,0,0,0,2,4,yes,1,medium
E4_084,modernize,0,0,0,0,2,4,yes,1,medium
E4_085,paraphrase,0,0,0,0,1,4,yes,0,low
E4_086,simplify,0,0,0,0,1,4,yes,0,low
E4_087,simplify,0,0,0,0,2,5,yes,1,medium
E4_088,paraphrase,0,0,0,0,1,4,yes,0,low
E4_089,paraphrase,0,0,0,0,2,4,yes,1,medium
E4_090,modernize,0,0,0,0,1,4,yes,0,low
E4_091,paraphrase,0,0,0,0,1,4,yes,0,low
E4_092,paraphrase,0,0,0,0,0,5,yes,0,low
E4_093,simplify,0,1,0,0,1,4,yes,1,medium
E4_094,paraphrase,0,0,0,0,2,4,yes,1,medium
E4_095,paraphrase,0,0,0,0,1,5,yes,0,low
E4_096,simplify,0,0,0,0,1,5,yes,0,low
E4_097,paraphrase,0,0,0,0,1,5,yes,0,low
E4_098,simplify,0,0,0,0,1,5,yes,0,low
E4_099,modernize,0,0,0,0,1,5,yes,0,low
E4_100,modernize,0,0,0,0,1,5,yes,0,low
E4_101,paraphrase,0,0,0,0,1,4,yes,0,low
E4_102,modernize,0,0,0,0,1,5,yes,0,low
E4_103,modernize,0,0,0,0,1,5,yes,0,low
E4_104,modernize,0,0,0,0,1,4,yes,0,low
E4_105,simplify,0,0,0,0,1,5,yes,0,low
E4_106,modernize,0,0,0,0,2,4,yes,1,medium
E4_107,paraphrase,0,0,0,0,1,4,yes,0,low
E4_108,simplify,0,0,0,0,1,4,yes,0,low
