panel,pipeline,train_domain,test_domain,passages,work_blocks,macro_f1,ci_low,ci_high,accuracy,confusion_json
valid_full,shared_stylometry_nc,original,original,359,18,0.6359056425797249,0.5534428245396432,0.7154183844282725,0.637883008356546,"[[51, 4, 1, 2, 0, 1], [7, 26, 3, 4, 8, 12], [1, 5, 49, 0, 1, 4], [5, 6, 7, 40, 0, 2], [1, 10, 1, 4, 35, 9], [2, 13, 5, 6, 6, 28]]"
valid_full,shared_stylometry_nc,original,paraphrase,359,18,0.3099771416000226,0.20872037688201672,0.393586302604392,0.34818941504178275,"[[18, 4, 0, 17, 0, 20], [8, 10, 2, 10, 1, 29], [0, 6, 16, 17, 1, 20], [1, 2, 8, 33, 0, 16], [4, 5, 4, 10, 2, 35], [2, 4, 2, 6, 0, 46]]"
valid_full,shared_stylometry_nc,original,modernize,359,18,0.363748591914242,0.2719929804233622,0.44717473622294884,0.3871866295264624,"[[28, 3, 0, 8, 0, 20], [9, 15, 1, 6, 1, 28], [0, 5, 15, 11, 1, 28], [4, 1, 4, 32, 0, 19], [6, 7, 4, 8, 4, 31], [2, 7, 2, 3, 1, 45]]"
valid_full,shared_stylometry_nc,original,simplify,359,18,0.30737160069942104,0.23315542108766826,0.38211771134988004,0.34540389972144847,"[[25, 3, 0, 9, 0, 22], [6, 10, 1, 9, 2, 32], [0, 6, 5, 12, 3, 34], [8, 1, 1, 29, 0, 21], [6, 5, 2, 7, 6, 34], [2, 4, 0, 3, 2, 49]]"
valid_full,shared_stylometry_nc,paraphrase,original,359,18,0.36659653288769317,0.2776036387998182,0.4519655380529461,0.3955431754874652,"[[40, 9, 0, 6, 4, 0], [7, 33, 1, 10, 6, 3], [0, 17, 7, 29, 5, 2], [14, 13, 0, 30, 3, 0], [5, 24, 1, 4, 26, 0], [6, 30, 2, 4, 12, 6]]"
valid_full,shared_stylometry_nc,paraphrase,paraphrase,359,18,0.45411981396099343,0.37075574941230577,0.5268518851984625,0.4596100278551532,"[[41, 6, 2, 5, 2, 3], [5, 22, 6, 7, 4, 16], [0, 8, 24, 10, 10, 8], [10, 7, 8, 29, 0, 6], [5, 15, 10, 4, 15, 11], [5, 13, 2, 2, 4, 34]]"
valid_full,shared_stylometry_nc,paraphrase,modernize,359,18,0.4306049268519923,0.3469564091791832,0.5066645749443581,0.43175487465181056,"[[39, 9, 1, 3, 6, 1], [3, 30, 6, 4, 8, 9], [0, 8, 22, 8, 14, 8], [9, 16, 8, 16, 4, 7], [2, 15, 9, 2, 23, 9], [6, 15, 5, 2, 7, 25]]"
valid_full,shared_stylometry_nc,paraphrase,simplify,359,18,0.37381136680787236,0.2956787665433981,0.4522217175206879,0.37604456824512533,"[[37, 8, 1, 2, 10, 1], [3, 22, 3, 5, 18, 9], [0, 8, 20, 3, 25, 4], [10, 16, 5, 11, 12, 6], [2, 14, 6, 2, 30, 6], [6, 16, 6, 2, 15, 15]]"
valid_full,shared_stylometry_nc,modernize,original,359,18,0.3804380943529723,0.2817994718779875,0.47523474702606666,0.41225626740947074,"[[47, 1, 0, 3, 8, 0], [8, 22, 0, 0, 26, 4], [3, 13, 7, 18, 15, 4], [25, 5, 0, 21, 9, 0], [6, 12, 1, 1, 39, 1], [10, 8, 2, 1, 27, 12]]"
valid_full,shared_stylometry_nc,modernize,paraphrase,359,18,0.40637030675925917,0.31613203511598764,0.49437913901949737,0.4233983286908078,"[[35, 5, 2, 10, 0, 7], [7, 14, 5, 9, 5, 20], [0, 8, 24, 14, 2, 12], [5, 6, 9, 33, 1, 6], [4, 11, 13, 9, 8, 15], [3, 10, 5, 4, 0, 38]]"
valid_full,shared_stylometry_nc,modernize,modernize,359,18,0.45590072610753446,0.37070709486132547,0.5337914604552283,0.4568245125348189,"[[39, 4, 1, 4, 6, 5], [5, 20, 6, 7, 10, 12], [0, 4, 26, 12, 7, 11], [7, 10, 6, 27, 3, 7], [4, 8, 11, 4, 22, 11], [6, 9, 6, 2, 7, 30]]"
valid_full,shared_stylometry_nc,modernize,simplify,359,18,0.4109188375191746,0.3289408855904009,0.4910368554776992,0.415041782729805,"[[39, 4, 1, 3, 10, 2], [7, 14, 4, 6, 14, 15], [1, 7, 22, 10, 13, 7], [10, 9, 8, 21, 7, 5], [3, 8, 9, 5, 25, 10], [7, 7, 9, 3, 6, 28]]"
valid_full,shared_stylometry_nc,simplify,original,359,18,0.4188213196298989,0.3149276550189393,0.5126117509836302,0.4206128133704735,"[[27, 7, 0, 14, 11, 0], [3, 25, 2, 18, 6, 6], [0, 12, 18, 25, 3, 2], [6, 9, 2, 41, 2, 0], [2, 13, 5, 10, 26, 4], [1, 22, 4, 8, 11, 14]]"
valid_full,shared_stylometry_nc,simplify,paraphrase,359,18,0.38951897425751225,0.3018759155133138,0.4686969964132786,0.40668523676880225,"[[29, 5, 2, 17, 0, 6], [5, 14, 6, 12, 1, 22], [0, 5, 25, 17, 1, 12], [4, 7, 11, 32, 0, 6], [3, 14, 11, 11, 7, 14], [3, 10, 6, 2, 0, 39]]"
valid_full,shared_stylometry_nc,simplify,modernize,359,18,0.4429276920984755,0.36413787200699665,0.5184784167107137,0.4456824512534819,"[[38, 7, 1, 8, 2, 3], [6, 19, 7, 10, 3, 15], [0, 5, 26, 15, 3, 11], [5, 11, 8, 29, 1, 6], [4, 11, 9, 6, 16, 14], [7, 11, 4, 3, 3, 32]]"
valid_full,shared_stylometry_nc,simplify,simplify,359,18,0.3986330387961486,0.32571861774363636,0.46622606092063135,0.4011142061281337,"[[37, 7, 1, 9, 3, 2], [8, 13, 5, 11, 7, 16], [1, 8, 22, 10, 9, 10], [7, 13, 9, 24, 2, 5], [2, 16, 7, 7, 16, 12], [7, 9, 7, 3, 2, 32]]"
valid_full,shared_function_words_nc,original,original,359,18,0.5568302069411488,0.46065525229623844,0.64424618653179,0.5598885793871866,"[[47, 5, 0, 4, 0, 3], [6, 11, 3, 12, 6, 22], [0, 8, 45, 3, 1, 3], [6, 9, 6, 32, 0, 7], [5, 4, 1, 3, 35, 12], [8, 11, 2, 3, 5, 31]]"
valid_full,shared_function_words_nc,original,paraphrase,359,18,0.33380350881168847,0.25675088157324544,0.4048741655051125,0.3565459610027855,"[[26, 7, 0, 7, 3, 16], [7, 8, 3, 17, 2, 23], [0, 8, 12, 20, 4, 16], [4, 6, 5, 34, 1, 10], [9, 8, 2, 15, 9, 17], [4, 10, 0, 5, 2, 39]]"
valid_full,shared_function_words_nc,original,modernize,359,18,0.3657670553893578,0.29626166540188886,0.4339375666165472,0.37604456824512533,"[[37, 2, 0, 4, 1, 15], [11, 12, 1, 13, 5, 18], [0, 11, 13, 19, 3, 14], [6, 11, 3, 27, 2, 11], [5, 6, 2, 13, 13, 21], [7, 11, 0, 3, 6, 33]]"
valid_full,shared_function_words_nc,original,simplify,359,18,0.3801553844743884,0.3149839983680201,0.44195989855424644,0.4011142061281337,"[[37, 3, 0, 5, 2, 12], [11, 11, 1, 14, 5, 18], [0, 12, 10, 16, 6, 16], [7, 10, 2, 34, 1, 6], [8, 6, 0, 10, 15, 21], [7, 8, 0, 3, 5, 37]]"
valid_full,shared_function_words_nc,paraphrase,original,359,18,0.4397947329730474,0.37418982987593674,0.5044252036451758,0.4428969359331476,"[[40, 8, 2, 2, 6, 1], [5, 18, 11, 7, 5, 14], [0, 9, 36, 10, 1, 4], [9, 14, 11, 18, 6, 2], [5, 10, 8, 0, 25, 12], [9, 14, 3, 1, 11, 22]]"
valid_full,shared_function_words_nc,paraphrase,paraphrase,359,18,0.38375279143003166,0.31438567955643976,0.4518625854932327,0.39275766016713093,"[[39, 4, 1, 4, 8, 3], [8, 9, 9, 12, 5, 17], [0, 9, 20, 16, 5, 10], [10, 8, 10, 26, 3, 3], [6, 10, 8, 5, 16, 15], [9, 14, 1, 1, 4, 31]]"
valid_full,shared_function_words_nc,paraphrase,modernize,359,18,0.3852193136133187,0.32643432035570047,0.44358387165339636,0.3871866295264624,"[[39, 7, 0, 2, 9, 2], [7, 16, 8, 10, 4, 15], [0, 7, 20, 13, 11, 9], [9, 12, 10, 23, 3, 3], [6, 15, 7, 5, 15, 12], [8, 15, 2, 1, 8, 26]]"
valid_full,shared_function_words_nc,paraphrase,simplify,359,18,0.37125822963899924,0.31299255369398,0.4281047395962582,0.37604456824512533,"[[43, 6, 0, 1, 8, 1], [10, 12, 4, 10, 9, 15], [1, 9, 20, 10, 13, 7], [12, 13, 7, 21, 5, 2], [8, 16, 5, 5, 14, 12], [10, 13, 4, 1, 7, 25]]"
valid_full,shared_function_words_nc,modernize,original,359,18,0.43218782338290546,0.35076606392210435,0.5085697957490569,0.4373259052924791,"[[34, 10, 2, 1, 11, 1], [5, 10, 12, 10, 8, 15], [0, 7, 39, 11, 0, 3], [7, 9, 11, 23, 7, 3], [5, 5, 7, 2, 27, 14], [7, 12, 5, 1, 11, 24]]"
valid_full,shared_function_words_nc,modernize,paraphrase,359,18,0.3773680876578007,0.3045994605220019,0.449813660874715,0.3955431754874652,"[[36, 4, 1, 3, 7, 8], [8, 7, 6, 15, 3, 21], [0, 6, 23, 17, 3, 11], [7, 8, 12, 25, 1, 7], [7, 8, 9, 9, 12, 15], [7, 8, 4, 1, 1, 39]]"
valid_full,shared_function_words_nc,modernize,modernize,359,18,0.39330967082415763,0.32055574656535135,0.4636232862502556,0.4011142061281337,"[[36, 6, 0, 3, 9, 5], [7, 12, 4, 13, 6, 18], [0, 6, 21, 14, 7, 12], [8, 11, 8, 25, 2, 6], [8, 8, 8, 6, 16, 14], [7, 8, 4, 2, 5, 34]]"
valid_full,shared_function_words_nc,modernize,simplify,359,18,0.3864619361099905,0.3180432056935711,0.45419356511349845,0.3955431754874652,"[[40, 6, 0, 1, 10, 2], [7, 11, 3, 13, 5, 21], [0, 6, 18, 17, 9, 10], [8, 12, 7, 25, 3, 5], [8, 7, 5, 7, 17, 16], [10, 9, 3, 2, 5, 31]]"
valid_full,shared_function_words_nc,simplify,original,359,18,0.43126064076768306,0.3539626785331797,0.5027284894568061,0.43175487465181056,"[[31, 12, 2, 3, 6, 5], [4, 9, 14, 9, 3, 21], [0, 6, 40, 7, 0, 7], [7, 7, 12, 22, 8, 4], [2, 7, 11, 2, 23, 15], [2, 19, 3, 1, 5, 30]]"
valid_full,shared_function_words_nc,simplify,paraphrase,359,18,0.3827944977070504,0.30357231521307015,0.4586707198457736,0.39275766016713093,"[[35, 6, 2, 4, 2, 10], [4, 8, 8, 15, 3, 22], [0, 7, 23, 16, 1, 13], [5, 8, 14, 26, 1, 6], [6, 10, 8, 6, 12, 18], [5, 12, 4, 1, 1, 37]]"
valid_full,shared_function_words_nc,simplify,modernize,359,18,0.375007079056668,0.30464777466945037,0.4448339086174838,0.3816155988857939,"[[33, 9, 1, 3, 7, 6], [7, 11, 10, 11, 3, 18], [0, 7, 21, 13, 6, 13], [7, 11, 10, 27, 1, 4], [6, 9, 7, 10, 12, 16], [4, 12, 3, 2, 6, 33]]"
valid_full,shared_function_words_nc,simplify,simplify,359,18,0.3573082149666207,0.2925619779923462,0.42071113970310986,0.3649025069637883,"[[38, 6, 0, 3, 7, 5], [7, 7, 6, 14, 5, 21], [0, 7, 20, 17, 4, 12], [7, 12, 9, 24, 3, 5], [7, 10, 6, 8, 13, 16], [8, 12, 2, 2, 7, 29]]"
valid_full,char3_5_tfidf_svm,original,original,359,18,0.8619982817274051,0.8007139563280693,0.914640534388266,0.8662952646239555,"[[57, 1, 0, 1, 0, 0], [2, 36, 3, 8, 7, 4], [0, 1, 54, 2, 2, 1], [1, 0, 0, 59, 0, 0], [0, 2, 0, 3, 54, 1], [2, 1, 2, 0, 4, 51]]"
valid_full,char3_5_tfidf_svm,original,paraphrase,359,18,0.47851680982493394,0.3778536782531113,0.5699196972521584,0.49025069637883006,"[[43, 2, 0, 13, 0, 1], [2, 11, 3, 34, 3, 7], [0, 1, 26, 22, 4, 7], [0, 0, 2, 57, 0, 1], [0, 1, 8, 32, 14, 5], [4, 2, 4, 24, 1, 25]]"
valid_full,char3_5_tfidf_svm,original,modernize,359,18,0.5813105630565347,0.4941179278949588,0.6629744217322995,0.6072423398328691,"[[52, 0, 0, 6, 0, 1], [5, 9, 1, 24, 9, 12], [1, 1, 22, 20, 7, 9], [1, 0, 1, 57, 1, 0], [0, 2, 2, 14, 36, 6], [0, 2, 1, 12, 3, 42]]"
valid_full,char3_5_tfidf_svm,original,simplify,359,18,0.557182400046026,0.45776864710647547,0.6434090614693033,0.5877437325905293,"[[54, 0, 0, 5, 0, 0], [3, 13, 1, 20, 12, 11], [0, 2, 13, 20, 14, 11], [1, 1, 1, 54, 1, 2], [0, 4, 1, 12, 34, 9], [2, 2, 0, 9, 4, 43]]"
valid_full,char3_5_tfidf_svm,paraphrase,original,359,18,0.6014375506898034,0.5331539112530074,0.6676493646888422,0.6211699164345403,"[[52, 4, 0, 3, 0, 0], [4, 36, 2, 8, 8, 2], [0, 14, 32, 8, 5, 1], [4, 5, 2, 47, 2, 0], [0, 11, 2, 0, 47, 0], [5, 27, 2, 1, 16, 9]]"
valid_full,char3_5_tfidf_svm,paraphrase,paraphrase,359,18,0.6476084082674413,0.5724111433521719,0.7169304016066623,0.6545961002785515,"[[54, 1, 0, 4, 0, 0], [4, 25, 0, 17, 10, 4], [1, 5, 30, 7, 11, 6], [0, 3, 0, 53, 4, 0], [0, 9, 2, 3, 42, 4], [4, 6, 3, 7, 9, 31]]"
valid_full,char3_5_tfidf_svm,paraphrase,modernize,359,18,0.6607648828460272,0.5927907326477477,0.7255277624546475,0.6713091922005571,"[[57, 1, 0, 1, 0, 0], [5, 27, 3, 6, 16, 3], [0, 4, 32, 4, 15, 5], [1, 3, 1, 50, 5, 0], [0, 5, 1, 2, 50, 2], [5, 10, 5, 5, 10, 25]]"
valid_full,char3_5_tfidf_svm,paraphrase,simplify,359,18,0.5901266111971982,0.5249564104682618,0.6505608599526876,0.6016713091922006,"[[54, 3, 1, 1, 0, 0], [4, 21, 2, 8, 22, 3], [0, 6, 25, 4, 21, 4], [2, 3, 1, 46, 8, 0], [0, 5, 0, 3, 51, 1], [5, 16, 1, 3, 16, 19]]"
valid_full,char3_5_tfidf_svm,modernize,original,359,18,0.6681930268126495,0.6017214112011099,0.7304538725846719,0.6880222841225627,"[[55, 1, 0, 3, 0, 0], [5, 20, 2, 8, 24, 1], [0, 1, 46, 5, 6, 2], [3, 0, 3, 54, 0, 0], [0, 5, 1, 2, 51, 1], [6, 8, 4, 3, 18, 21]]"
valid_full,char3_5_tfidf_svm,modernize,paraphrase,359,18,0.6820235525273874,0.6095995899940712,0.7523965045672838,0.6880222841225627,"[[54, 1, 0, 4, 0, 0], [2, 28, 1, 19, 7, 3], [1, 2, 41, 9, 3, 4], [0, 2, 2, 56, 0, 0], [1, 5, 8, 7, 36, 3], [8, 3, 4, 10, 3, 32]]"
valid_full,char3_5_tfidf_svm,modernize,modernize,359,18,0.6990605860244572,0.6356913667555683,0.7575405007269544,0.7075208913649025,"[[54, 0, 1, 4, 0, 0], [4, 32, 1, 10, 10, 3], [0, 5, 34, 7, 10, 4], [1, 1, 0, 58, 0, 0], [0, 5, 4, 4, 45, 2], [7, 8, 1, 8, 5, 31]]"
valid_full,char3_5_tfidf_svm,modernize,simplify,359,18,0.6807492764899975,0.6211280472750318,0.7382560493868486,0.6908077994428969,"[[55, 1, 1, 2, 0, 0], [5, 27, 0, 10, 15, 3], [0, 6, 30, 7, 13, 4], [0, 5, 0, 54, 1, 0], [0, 5, 0, 1, 53, 1], [4, 8, 1, 8, 10, 29]]"
valid_full,char3_5_tfidf_svm,simplify,original,359,18,0.7017988337933203,0.6155150841991263,0.7826701953437447,0.7103064066852368,"[[52, 3, 0, 4, 0, 0], [3, 31, 4, 13, 6, 3], [0, 2, 40, 13, 2, 3], [1, 0, 1, 58, 0, 0], [0, 6, 3, 3, 47, 1], [5, 9, 6, 6, 7, 27]]"
valid_full,char3_5_tfidf_svm,simplify,paraphrase,359,18,0.6275900030171809,0.5224786098629408,0.7132826684862663,0.637883008356546,"[[54, 0, 0, 5, 0, 0], [4, 25, 3, 20, 5, 3], [0, 0, 40, 11, 4, 5], [0, 3, 2, 55, 0, 0], [1, 9, 8, 10, 27, 5], [8, 6, 6, 11, 1, 28]]"
valid_full,char3_5_tfidf_svm,simplify,modernize,359,18,0.66653839203262,0.5891268856329888,0.7322735010907548,0.6713091922005571,"[[53, 0, 1, 5, 0, 0], [2, 28, 3, 15, 9, 3], [1, 3, 36, 11, 4, 5], [1, 4, 0, 55, 0, 0], [1, 7, 3, 7, 39, 3], [5, 8, 2, 10, 5, 30]]"
valid_full,char3_5_tfidf_svm,simplify,simplify,359,18,0.6449770345835856,0.5767914051002389,0.7082488782522935,0.6518105849582173,"[[52, 2, 1, 3, 0, 1], [6, 24, 1, 14, 11, 4], [0, 3, 34, 10, 8, 5], [1, 4, 0, 54, 1, 0], [0, 12, 2, 3, 41, 2], [8, 8, 0, 9, 6, 29]]"
matched200_full,shared_stylometry_nc,original,original,339,18,0.612444804181208,0.5160619105612251,0.699547019505308,0.6106194690265486,"[[44, 7, 1, 3, 0, 1], [7, 23, 3, 3, 7, 11], [1, 5, 44, 0, 1, 4], [7, 5, 7, 36, 0, 3], [0, 10, 1, 4, 32, 9], [2, 15, 4, 5, 6, 28]]"
matched200_full,shared_stylometry_nc,original,paraphrase,339,18,0.30877766314895744,0.2089467653936076,0.39396486893569865,0.35398230088495575,"[[19, 3, 0, 16, 0, 18], [8, 9, 2, 10, 1, 24], [0, 7, 14, 15, 0, 19], [1, 2, 9, 31, 0, 15], [4, 4, 4, 9, 1, 34], [2, 4, 2, 6, 0, 46]]"
matched200_full,shared_stylometry_nc,original,modernize,339,18,0.37719597251313935,0.28363145994408007,0.45493943985644597,0.40707964601769914,"[[29, 3, 0, 5, 0, 19], [9, 14, 1, 5, 1, 24], [0, 4, 13, 10, 1, 27], [4, 1, 4, 31, 0, 18], [5, 7, 4, 9, 4, 27], [2, 6, 2, 2, 1, 47]]"
matched200_full,shared_stylometry_nc,original,simplify,339,18,0.3314494469333983,0.25601875402380786,0.40341678991933155,0.3746312684365782,"[[26, 2, 0, 6, 0, 22], [6, 9, 1, 7, 2, 29], [0, 5, 6, 11, 1, 32], [8, 0, 4, 28, 0, 18], [6, 5, 2, 7, 6, 30], [2, 4, 0, 1, 1, 52]]"
matched200_full,shared_stylometry_nc,paraphrase,original,339,18,0.3420707917300332,0.2583987317459569,0.4219933090681375,0.37168141592920356,"[[30, 16, 0, 6, 4, 0], [2, 41, 0, 5, 3, 3], [0, 22, 8, 22, 2, 1], [11, 17, 0, 29, 1, 0], [1, 35, 1, 4, 15, 0], [6, 34, 5, 5, 7, 3]]"
matched200_full,shared_stylometry_nc,paraphrase,paraphrase,339,18,0.4497396987880866,0.367951309111861,0.5245708740976615,0.45427728613569324,"[[35, 8, 2, 5, 3, 3], [4, 22, 5, 8, 2, 13], [0, 8, 20, 11, 7, 9], [9, 8, 9, 28, 0, 4], [4, 14, 9, 4, 15, 10], [5, 14, 2, 1, 4, 34]]"
matched200_full,shared_stylometry_nc,paraphrase,modernize,339,18,0.40510145589749574,0.33280788193906047,0.47496005358726906,0.40707964601769914,"[[33, 11, 1, 3, 6, 2], [3, 27, 4, 5, 7, 8], [0, 8, 16, 9, 13, 9], [10, 14, 10, 14, 5, 5], [1, 19, 8, 1, 20, 7], [5, 14, 5, 2, 6, 28]]"
matched200_full,shared_stylometry_nc,paraphrase,simplify,339,18,0.3682895426448148,0.295358909409947,0.4350194744352387,0.37168141592920356,"[[32, 9, 1, 3, 10, 1], [3, 21, 3, 6, 13, 8], [0, 9, 20, 3, 19, 4], [10, 18, 6, 8, 11, 5], [2, 14, 6, 2, 27, 5], [6, 14, 8, 1, 13, 18]]"
matched200_full,shared_stylometry_nc,modernize,original,339,18,0.36827738944553995,0.25638200671288514,0.47273851653918414,0.40117994100294985,"[[44, 3, 0, 3, 6, 0], [8, 19, 0, 6, 18, 3], [3, 12, 10, 16, 11, 3], [26, 8, 1, 18, 5, 0], [6, 10, 2, 1, 37, 0], [14, 15, 2, 1, 20, 8]]"
matched200_full,shared_stylometry_nc,modernize,paraphrase,339,18,0.4114358475269749,0.3237702723317345,0.49528246393874614,0.4277286135693215,"[[32, 5, 2, 10, 0, 7], [7, 13, 6, 9, 2, 17], [0, 8, 18, 17, 1, 11], [6, 6, 9, 32, 0, 5], [3, 12, 8, 10, 10, 13], [2, 11, 3, 4, 0, 40]]"
matched200_full,shared_stylometry_nc,modernize,modernize,339,18,0.44858470965564884,0.3573419795100046,0.5295012869350947,0.45132743362831856,"[[36, 6, 1, 4, 4, 5], [6, 18, 7, 5, 8, 10], [1, 4, 23, 10, 7, 10], [8, 8, 11, 24, 2, 5], [3, 9, 10, 5, 21, 8], [6, 11, 5, 2, 5, 31]]"
matched200_full,shared_stylometry_nc,modernize,simplify,339,18,0.41254207627592115,0.3314209672151033,0.4915800626430534,0.41887905604719766,"[[38, 5, 1, 3, 7, 2], [6, 13, 4, 7, 11, 13], [1, 8, 18, 10, 11, 7], [10, 7, 9, 21, 7, 4], [3, 8, 7, 4, 26, 8], [7, 8, 9, 4, 6, 26]]"
matched200_full,shared_stylometry_nc,simplify,original,339,18,0.3906186734200976,0.285515484572383,0.4909909700627037,0.39233038348082594,"[[34, 4, 0, 12, 6, 0], [4, 20, 3, 17, 5, 5], [1, 11, 14, 24, 3, 2], [10, 8, 8, 31, 1, 0], [2, 16, 5, 8, 22, 3], [1, 23, 6, 8, 10, 12]]"
matched200_full,shared_stylometry_nc,simplify,paraphrase,339,18,0.376741122528692,0.29588864129037706,0.4537210051290814,0.40412979351032446,"[[31, 3, 0, 15, 0, 7], [7, 12, 6, 11, 1, 17], [0, 5, 20, 18, 0, 12], [4, 6, 11, 32, 0, 5], [3, 12, 9, 12, 4, 16], [2, 11, 5, 4, 0, 38]]"
matched200_full,shared_stylometry_nc,simplify,modernize,339,18,0.4147408661297551,0.3350378371248425,0.487118866626433,0.4218289085545723,"[[35, 6, 0, 8, 2, 5], [7, 14, 7, 9, 3, 14], [0, 4, 21, 15, 3, 12], [5, 10, 10, 28, 1, 4], [4, 11, 7, 8, 13, 13], [5, 11, 5, 4, 3, 32]]"
matched200_full,shared_stylometry_nc,simplify,simplify,339,18,0.416076556631541,0.33918729541093334,0.48708412498971565,0.4218289085545723,"[[38, 5, 0, 7, 4, 2], [7, 11, 4, 11, 6, 15], [0, 6, 22, 10, 8, 9], [6, 11, 10, 25, 3, 3], [2, 13, 5, 8, 16, 12], [7, 9, 8, 3, 2, 31]]"
matched200_full,shared_function_words_nc,original,original,339,18,0.5482584501541007,0.4614263025762206,0.6281538950683403,0.5457227138643068,"[[44, 3, 0, 4, 0, 5], [7, 8, 1, 12, 5, 21], [0, 9, 38, 4, 0, 4], [5, 12, 6, 30, 0, 5], [3, 4, 1, 3, 35, 10], [7, 15, 1, 3, 4, 30]]"
matched200_full,shared_function_words_nc,original,paraphrase,339,18,0.33443093082359016,0.2520820792815467,0.4105346613496462,0.36578171091445427,"[[25, 7, 0, 7, 2, 15], [7, 8, 3, 16, 2, 18], [0, 8, 8, 21, 4, 14], [4, 5, 5, 34, 1, 9], [8, 9, 2, 11, 9, 17], [4, 9, 0, 5, 2, 40]]"
matched200_full,shared_function_words_nc,original,modernize,339,18,0.36132631246152624,0.2861835583246192,0.42909161615142594,0.3746312684365782,"[[34, 3, 0, 4, 0, 15], [10, 7, 1, 14, 4, 18], [0, 11, 12, 17, 2, 13], [6, 11, 4, 27, 0, 10], [5, 6, 2, 12, 13, 18], [7, 12, 0, 2, 5, 34]]"
matched200_full,shared_function_words_nc,original,simplify,339,18,0.35637786706466557,0.288699163802759,0.4207927264059862,0.3834808259587021,"[[34, 3, 0, 5, 3, 11], [10, 6, 1, 15, 4, 18], [0, 11, 9, 14, 6, 15], [7, 11, 2, 32, 1, 5], [9, 6, 0, 9, 12, 20], [6, 9, 0, 3, 5, 37]]"
matched200_full,shared_function_words_nc,paraphrase,original,339,18,0.3995273530555805,0.3339690713914785,0.4647799949458792,0.40117994100294985,"[[36, 8, 2, 2, 7, 1], [4, 13, 8, 8, 7, 14], [0, 9, 27, 10, 4, 5], [11, 15, 11, 16, 5, 0], [5, 9, 9, 0, 20, 13], [7, 14, 5, 1, 9, 24]]"
matched200_full,shared_function_words_nc,paraphrase,paraphrase,339,18,0.37303614744990615,0.30293636937961815,0.4398789551541863,0.3864306784660767,"[[36, 6, 1, 4, 5, 4], [8, 12, 7, 10, 3, 14], [0, 8, 15, 15, 7, 10], [10, 7, 11, 26, 2, 2], [7, 11, 8, 4, 11, 15], [8, 12, 2, 1, 6, 31]]"
matched200_full,shared_function_words_nc,paraphrase,modernize,339,18,0.3648980605975465,0.2985505759033774,0.42827389407732236,0.37168141592920356,"[[37, 8, 0, 1, 8, 2], [7, 17, 6, 9, 2, 13], [0, 9, 15, 13, 10, 8], [11, 15, 9, 19, 1, 3], [6, 14, 6, 5, 11, 14], [7, 14, 2, 1, 9, 27]]"
matched200_full,shared_function_words_nc,paraphrase,simplify,339,18,0.3765373923298548,0.31136124346336397,0.44012757411319003,0.3805309734513274,"[[39, 8, 0, 1, 7, 1], [8, 12, 3, 9, 8, 14], [1, 10, 17, 10, 10, 7], [12, 11, 6, 21, 6, 2], [7, 16, 5, 3, 13, 12], [8, 14, 3, 1, 7, 27]]"
matched200_full,shared_function_words_nc,modernize,original,339,18,0.41221985505725844,0.33261328515667543,0.49137853736001813,0.41887905604719766,"[[31, 10, 1, 2, 11, 1], [5, 6, 10, 10, 8, 15], [0, 7, 35, 10, 0, 3], [8, 10, 13, 19, 5, 3], [4, 3, 7, 2, 26, 14], [5, 14, 6, 1, 9, 25]]"
matched200_full,shared_function_words_nc,modernize,paraphrase,339,18,0.35659259259259257,0.2827265390943765,0.4292888628279361,0.3775811209439528,"[[32, 6, 1, 4, 4, 9], [8, 7, 6, 14, 3, 16], [0, 5, 18, 17, 4, 11], [7, 8, 13, 24, 1, 5], [7, 10, 8, 7, 9, 15], [7, 9, 4, 1, 1, 38]]"
matched200_full,shared_function_words_nc,modernize,modernize,339,18,0.3809363982867951,0.3088784103396269,0.44857427528382077,0.39233038348082594,"[[34, 6, 0, 3, 9, 4], [7, 9, 3, 14, 6, 15], [0, 6, 19, 13, 7, 10], [10, 11, 7, 24, 1, 5], [8, 9, 6, 6, 13, 14], [7, 10, 4, 2, 3, 34]]"
matched200_full,shared_function_words_nc,modernize,simplify,339,18,0.37214519308267646,0.30208764293744084,0.4394951322110071,0.3834808259587021,"[[37, 6, 0, 3, 8, 2], [8, 8, 2, 12, 6, 18], [0, 4, 16, 18, 7, 10], [8, 13, 8, 22, 2, 5], [6, 8, 4, 7, 16, 15], [10, 9, 3, 2, 5, 31]]"
matched200_full,shared_function_words_nc,simplify,original,339,18,0.4024806892453951,0.3186288158828776,0.4803834354619561,0.40412979351032446,"[[31, 10, 2, 3, 6, 4], [4, 5, 14, 9, 3, 19], [0, 5, 34, 9, 0, 7], [7, 10, 13, 19, 5, 4], [2, 7, 10, 3, 20, 14], [2, 19, 4, 1, 6, 28]]"
matched200_full,shared_function_words_nc,simplify,paraphrase,339,18,0.3738716205892114,0.2879705668614471,0.45645183268730183,0.3864306784660767,"[[31, 5, 2, 4, 3, 11], [5, 8, 9, 13, 1, 18], [0, 7, 19, 15, 1, 13], [5, 7, 14, 26, 1, 5], [6, 9, 6, 8, 11, 16], [4, 12, 4, 1, 3, 36]]"
matched200_full,shared_function_words_nc,simplify,modernize,339,18,0.36339074665505383,0.2943988289631758,0.42926035040991684,0.3775811209439528,"[[33, 7, 0, 3, 5, 8], [8, 9, 8, 12, 3, 14], [0, 7, 17, 13, 5, 13], [6, 9, 12, 26, 0, 5], [5, 10, 5, 11, 9, 16], [4, 11, 4, 2, 5, 34]]"
matched200_full,shared_function_words_nc,simplify,simplify,339,18,0.3479953727352541,0.2878948255708596,0.40850338013983156,0.36283185840707965,"[[37, 7, 0, 3, 5, 4], [8, 4, 5, 16, 2, 19], [0, 6, 16, 18, 3, 12], [8, 14, 9, 22, 1, 4], [6, 11, 5, 8, 12, 14], [9, 8, 3, 2, 6, 32]]"
matched200_full,char3_5_tfidf_svm,original,original,339,18,0.866858694141988,0.8059588974044215,0.9203603133160883,0.8731563421828908,"[[55, 0, 0, 1, 0, 0], [1, 31, 2, 9, 7, 4], [0, 1, 49, 2, 2, 1], [1, 0, 0, 57, 0, 0], [0, 1, 0, 2, 51, 2], [2, 1, 1, 0, 3, 53]]"
matched200_full,char3_5_tfidf_svm,original,paraphrase,339,18,0.4708081688211785,0.38174158618154924,0.5504617034179051,0.48672566371681414,"[[41, 1, 0, 13, 0, 1], [2, 8, 2, 32, 3, 7], [0, 1, 24, 19, 3, 8], [0, 1, 2, 54, 0, 1], [0, 1, 7, 32, 13, 3], [5, 3, 3, 24, 0, 25]]"
matched200_full,char3_5_tfidf_svm,original,modernize,339,18,0.5671292320415128,0.4797728557749834,0.6409020139766533,0.5988200589970502,"[[49, 0, 0, 6, 0, 1], [3, 7, 1, 23, 9, 11], [1, 1, 18, 21, 7, 7], [1, 0, 1, 55, 1, 0], [0, 2, 2, 15, 32, 5], [0, 2, 1, 12, 3, 42]]"
matched200_full,char3_5_tfidf_svm,original,simplify,339,18,0.5570408020906222,0.4635866965872165,0.6396702657805671,0.6047197640117994,"[[51, 0, 0, 5, 0, 0], [3, 8, 1, 19, 11, 12], [0, 1, 11, 21, 12, 10], [1, 0, 1, 54, 1, 1], [0, 2, 1, 9, 34, 10], [2, 1, 0, 8, 2, 47]]"
matched200_full,char3_5_tfidf_svm,paraphrase,original,339,18,0.6007006640203012,0.5373351591477502,0.6622927604110264,0.6135693215339233,"[[48, 5, 0, 3, 0, 0], [3, 35, 0, 6, 8, 2], [0, 15, 29, 7, 3, 1], [4, 5, 2, 46, 1, 0], [0, 13, 3, 0, 40, 0], [5, 27, 2, 1, 15, 10]]"
matched200_full,char3_5_tfidf_svm,paraphrase,paraphrase,339,18,0.625799217324613,0.5577018157984571,0.6910406249128852,0.640117994100295,"[[52, 1, 0, 3, 0, 0], [3, 18, 2, 16, 11, 4], [1, 7, 24, 8, 9, 6], [1, 2, 1, 51, 3, 0], [0, 7, 4, 5, 38, 2], [4, 5, 3, 7, 7, 34]]"
matched200_full,char3_5_tfidf_svm,paraphrase,modernize,339,18,0.6480205724671108,0.573276866791703,0.713938119260458,0.6637168141592921,"[[54, 1, 0, 1, 0, 0], [5, 21, 2, 7, 16, 3], [0, 6, 24, 5, 14, 6], [1, 2, 0, 51, 4, 0], [0, 3, 1, 3, 46, 3], [5, 9, 3, 5, 9, 29]]"
matched200_full,char3_5_tfidf_svm,paraphrase,simplify,339,18,0.5839963154060295,0.5171460905032248,0.650112517768966,0.5929203539823009,"[[51, 3, 1, 1, 0, 0], [2, 19, 2, 8, 20, 3], [0, 6, 23, 4, 18, 4], [2, 4, 1, 44, 7, 0], [0, 8, 0, 2, 45, 1], [5, 15, 2, 2, 17, 19]]"
matched200_full,char3_5_tfidf_svm,modernize,original,339,18,0.6758461538461539,0.612613142553678,0.7372734048994879,0.6932153392330384,"[[52, 1, 0, 3, 0, 0], [5, 20, 1, 7, 19, 2], [0, 1, 41, 5, 6, 2], [3, 0, 3, 52, 0, 0], [0, 5, 1, 2, 47, 1], [9, 7, 3, 3, 15, 23]]"
matched200_full,char3_5_tfidf_svm,modernize,paraphrase,339,18,0.6647333227104781,0.6009636322885378,0.7261205702474174,0.672566371681416,"[[51, 1, 0, 4, 0, 0], [2, 23, 1, 18, 7, 3], [1, 2, 35, 10, 3, 4], [0, 2, 2, 54, 0, 0], [0, 7, 7, 8, 31, 3], [8, 3, 4, 9, 2, 34]]"
matched200_full,char3_5_tfidf_svm,modernize,modernize,339,18,0.6841381993111074,0.6207839335629831,0.7415081167264512,0.696165191740413,"[[51, 0, 1, 4, 0, 0], [3, 27, 1, 9, 11, 3], [1, 5, 27, 10, 8, 4], [1, 0, 0, 57, 0, 0], [0, 4, 3, 3, 42, 4], [6, 6, 1, 9, 6, 32]]"
matched200_full,char3_5_tfidf_svm,modernize,simplify,339,18,0.6357829729704205,0.5707298974252146,0.6952876576958712,0.6548672566371682,"[[52, 1, 1, 2, 0, 0], [5, 21, 0, 10, 15, 3], [0, 7, 19, 10, 14, 5], [0, 4, 0, 51, 2, 1], [0, 5, 0, 2, 48, 1], [5, 7, 1, 7, 9, 31]]"
matched200_full,char3_5_tfidf_svm,simplify,original,339,18,0.6804508868614841,0.5983617746191576,0.7544768912793405,0.6932153392330384,"[[49, 2, 0, 5, 0, 0], [3, 21, 3, 17, 7, 3], [0, 1, 34, 15, 2, 3], [1, 0, 1, 56, 0, 0], [0, 4, 2, 2, 47, 1], [5, 9, 6, 5, 7, 28]]"
matched200_full,char3_5_tfidf_svm,simplify,paraphrase,339,18,0.6101407366728787,0.5165173936788854,0.68748304688846,0.6224188790560472,"[[50, 1, 0, 5, 0, 0], [3, 21, 3, 19, 4, 4], [0, 0, 34, 14, 2, 5], [0, 2, 2, 54, 0, 0], [2, 9, 7, 11, 22, 5], [8, 5, 5, 11, 1, 30]]"
matched200_full,char3_5_tfidf_svm,simplify,modernize,339,18,0.6698685516481041,0.5973689566679166,0.7307345191281263,0.6755162241887905,"[[50, 0, 1, 5, 0, 0], [2, 25, 3, 14, 7, 3], [1, 2, 32, 11, 4, 5], [1, 4, 0, 53, 0, 0], [2, 5, 2, 8, 37, 2], [6, 6, 2, 9, 5, 32]]"
matched200_full,char3_5_tfidf_svm,simplify,simplify,339,18,0.6372121656269213,0.5623638428235346,0.7015470276157308,0.6489675516224189,"[[51, 1, 0, 3, 0, 1], [3, 19, 2, 15, 11, 4], [1, 4, 28, 11, 6, 5], [1, 3, 1, 52, 1, 0], [0, 8, 1, 5, 39, 3], [8, 6, 1, 9, 5, 31]]"
w200_prefix,shared_stylometry_nc,original,original,339,18,0.5388849605651195,0.4515239538852334,0.6177613017382583,0.5368731563421829,"[[38, 6, 4, 4, 3, 1], [5, 15, 2, 9, 6, 17], [3, 7, 36, 5, 0, 4], [4, 4, 8, 34, 0, 8], [2, 7, 3, 5, 30, 9], [5, 15, 4, 6, 1, 29]]"
w200_prefix,shared_stylometry_nc,original,paraphrase,339,18,0.308610006374234,0.21814755140664213,0.39130454077482735,0.36283185840707965,"[[33, 3, 0, 7, 0, 13], [9, 7, 5, 8, 0, 25], [2, 5, 12, 17, 0, 19], [7, 2, 9, 29, 0, 11], [7, 5, 6, 12, 0, 26], [6, 6, 1, 4, 1, 42]]"
w200_prefix,shared_stylometry_nc,original,modernize,339,18,0.3041323658424093,0.22737839074719085,0.3731720402936463,0.3421828908554572,"[[31, 5, 0, 3, 0, 17], [10, 6, 2, 7, 5, 24], [1, 7, 11, 13, 0, 23], [9, 5, 5, 23, 0, 16], [11, 5, 2, 7, 3, 28], [5, 9, 1, 2, 1, 42]]"
w200_prefix,shared_stylometry_nc,original,simplify,339,18,0.32636733970854687,0.26014701042033656,0.39136017741095347,0.37168141592920356,"[[37, 3, 0, 4, 0, 12], [9, 9, 2, 6, 5, 23], [1, 10, 6, 12, 1, 25], [12, 6, 3, 22, 0, 15], [11, 5, 2, 4, 6, 28], [4, 6, 1, 2, 1, 46]]"
w200_prefix,shared_stylometry_nc,paraphrase,original,339,18,0.3595829565788142,0.29765775830688357,0.41722641618491774,0.35988200589970504,"[[23, 19, 1, 2, 10, 1], [2, 26, 2, 4, 17, 3], [0, 12, 27, 4, 9, 3], [6, 15, 12, 17, 8, 0], [5, 22, 5, 1, 22, 1], [3, 20, 13, 2, 15, 7]]"
w200_prefix,shared_stylometry_nc,paraphrase,paraphrase,339,18,0.38105796656542473,0.29716356077533324,0.4612134499900872,0.3893805309734513,"[[33, 9, 0, 5, 3, 6], [5, 16, 7, 11, 3, 12], [1, 6, 16, 15, 5, 12], [10, 7, 11, 23, 2, 5], [6, 12, 8, 7, 12, 11], [5, 14, 2, 1, 6, 32]]"
w200_prefix,shared_stylometry_nc,paraphrase,modernize,339,18,0.3809673167670469,0.3158815035937264,0.44550353970561624,0.3775811209439528,"[[31, 12, 2, 4, 4, 3], [5, 20, 6, 7, 6, 10], [0, 12, 15, 8, 11, 9], [8, 16, 12, 15, 3, 4], [4, 15, 7, 2, 22, 6], [3, 16, 4, 4, 8, 25]]"
w200_prefix,shared_stylometry_nc,paraphrase,simplify,339,18,0.3536311732826574,0.28953955878385057,0.414296140842447,0.35693215339233036,"[[30, 14, 2, 2, 7, 1], [3, 22, 5, 6, 12, 6], [0, 12, 14, 8, 16, 5], [11, 15, 9, 9, 10, 4], [4, 15, 5, 1, 26, 5], [5, 15, 4, 2, 14, 20]]"
w200_prefix,shared_stylometry_nc,modernize,original,339,18,0.3942770818074317,0.31761582837818914,0.469470876112117,0.40117994100294985,"[[30, 9, 1, 5, 10, 1], [3, 12, 4, 6, 19, 10], [0, 7, 32, 7, 5, 4], [6, 5, 19, 17, 9, 2], [7, 9, 4, 2, 31, 3], [3, 13, 14, 4, 12, 14]]"
w200_prefix,shared_stylometry_nc,modernize,paraphrase,339,18,0.3606799179734029,0.27958726884455803,0.4397295098432584,0.3805309734513274,"[[33, 6, 1, 8, 1, 7], [5, 12, 4, 14, 2, 17], [0, 6, 16, 18, 1, 14], [6, 3, 12, 34, 0, 3], [7, 8, 7, 12, 6, 16], [2, 11, 5, 12, 2, 28]]"
w200_prefix,shared_stylometry_nc,modernize,modernize,339,18,0.41755424779739664,0.3373906694714071,0.49309760265295766,0.41887905604719766,"[[33, 10, 1, 5, 3, 4], [6, 15, 5, 9, 6, 13], [1, 6, 17, 13, 7, 11], [7, 7, 12, 29, 1, 2], [4, 10, 9, 5, 20, 8], [3, 14, 4, 6, 5, 28]]"
w200_prefix,shared_stylometry_nc,modernize,simplify,339,18,0.3761182915510432,0.3112793647769778,0.4406780371901727,0.3775811209439528,"[[32, 12, 2, 4, 4, 2], [7, 13, 4, 8, 8, 14], [0, 12, 17, 12, 6, 8], [10, 10, 11, 15, 7, 5], [6, 8, 6, 6, 23, 7], [6, 13, 7, 2, 4, 28]]"
w200_prefix,shared_stylometry_nc,simplify,original,339,18,0.3992902080910337,0.31979736031783856,0.4733807730043181,0.3952802359882006,"[[29, 9, 2, 8, 5, 3], [3, 11, 6, 8, 9, 17], [0, 7, 28, 10, 2, 8], [5, 6, 19, 20, 4, 4], [5, 10, 5, 3, 26, 7], [2, 17, 10, 5, 6, 20]]"
w200_prefix,shared_stylometry_nc,simplify,paraphrase,339,18,0.3714714704213584,0.28656693062878497,0.4541070967238205,0.3952802359882006,"[[34, 4, 3, 8, 0, 7], [5, 9, 5, 15, 2, 18], [0, 4, 19, 17, 1, 14], [6, 3, 12, 32, 0, 5], [5, 6, 9, 13, 6, 17], [1, 11, 7, 6, 1, 34]]"
w200_prefix,shared_stylometry_nc,simplify,modernize,339,18,0.35387912806391064,0.27665848590310077,0.4258641286901746,0.36283185840707965,"[[30, 9, 1, 5, 2, 9], [8, 9, 5, 10, 4, 18], [0, 9, 14, 15, 4, 13], [6, 6, 13, 28, 0, 5], [6, 12, 8, 7, 11, 12], [4, 16, 3, 5, 1, 31]]"
w200_prefix,shared_stylometry_nc,simplify,simplify,339,18,0.40555750783889377,0.3349344653236632,0.4723075585604049,0.40707964601769914,"[[32, 9, 0, 7, 4, 4], [7, 13, 4, 9, 4, 17], [0, 9, 21, 11, 3, 11], [5, 10, 10, 23, 4, 6], [6, 9, 6, 8, 17, 10], [7, 13, 4, 2, 2, 32]]"
w200_prefix,shared_function_words_nc,original,original,339,18,0.4671144654565707,0.3871045767430167,0.5440312237498539,0.471976401179941,"[[41, 5, 3, 4, 0, 3], [10, 5, 1, 16, 4, 18], [0, 9, 37, 4, 0, 5], [6, 11, 8, 21, 1, 11], [4, 5, 4, 5, 29, 9], [8, 10, 4, 6, 5, 27]]"
w200_prefix,shared_function_words_nc,original,paraphrase,339,18,0.3089464959104335,0.23779708664118213,0.38056296523354466,0.3392330383480826,"[[28, 4, 0, 5, 5, 14], [10, 6, 3, 16, 7, 12], [0, 10, 8, 22, 2, 13], [8, 5, 5, 28, 4, 8], [6, 8, 2, 12, 7, 21], [4, 9, 0, 1, 8, 38]]"
w200_prefix,shared_function_words_nc,original,modernize,339,18,0.3181468549932796,0.260357821349971,0.37618578690973387,0.3303834808259587,"[[29, 5, 1, 4, 5, 12], [10, 6, 1, 12, 8, 17], [0, 11, 14, 16, 3, 11], [9, 14, 3, 22, 2, 8], [7, 13, 3, 10, 7, 16], [6, 12, 0, 3, 5, 34]]"
w200_prefix,shared_function_words_nc,original,simplify,339,18,0.3257522296245122,0.2690080655742663,0.3831158109779892,0.3392330383480826,"[[33, 3, 0, 6, 3, 11], [10, 9, 1, 13, 6, 15], [1, 14, 10, 15, 5, 10], [10, 16, 1, 23, 2, 6], [10, 8, 2, 10, 10, 16], [6, 13, 0, 3, 8, 30]]"
w200_prefix,shared_function_words_nc,paraphrase,original,339,18,0.33303953214921056,0.26204153577307226,0.3981290621984824,0.3303834808259587,"[[29, 14, 0, 2, 7, 4], [4, 11, 7, 7, 9, 16], [0, 14, 25, 7, 3, 6], [7, 14, 11, 14, 7, 5], [8, 14, 7, 2, 10, 15], [7, 14, 6, 1, 9, 23]]"
w200_prefix,shared_function_words_nc,paraphrase,paraphrase,339,18,0.3515381345755126,0.28106427259873995,0.42156713832744697,0.36578171091445427,"[[31, 7, 1, 3, 5, 9], [7, 8, 10, 12, 5, 12], [0, 10, 18, 14, 3, 10], [9, 4, 12, 25, 6, 2], [7, 12, 7, 8, 9, 13], [7, 9, 3, 1, 7, 33]]"
w200_prefix,shared_function_words_nc,paraphrase,modernize,339,18,0.32642087540800224,0.26833101664407505,0.3839222072946133,0.3303834808259587,"[[30, 9, 2, 3, 6, 6], [7, 12, 7, 8, 6, 14], [0, 12, 15, 14, 4, 10], [9, 16, 9, 18, 3, 3], [6, 16, 7, 4, 8, 15], [4, 15, 3, 2, 7, 29]]"
w200_prefix,shared_function_words_nc,paraphrase,simplify,339,18,0.3393577611619673,0.2761172130900679,0.3997006410485622,0.3421828908554572,"[[35, 12, 0, 1, 4, 4], [8, 12, 3, 10, 6, 15], [0, 14, 18, 9, 6, 8], [12, 17, 10, 12, 4, 3], [7, 14, 5, 4, 13, 13], [8, 14, 4, 0, 8, 26]]"
w200_prefix,shared_function_words_nc,modernize,original,339,18,0.3583170597467944,0.2787460377461155,0.43795473002314694,0.36578171091445427,"[[30, 8, 0, 4, 9, 5], [4, 6, 8, 9, 10, 17], [0, 7, 29, 13, 1, 5], [6, 8, 14, 17, 8, 5], [7, 4, 6, 6, 16, 17], [7, 10, 7, 3, 7, 26]]"
w200_prefix,shared_function_words_nc,modernize,paraphrase,339,18,0.3269367825491915,0.25479887499596526,0.3986741511158869,0.3480825958702065,"[[30, 9, 0, 4, 4, 9], [7, 4, 5, 16, 8, 14], [0, 7, 16, 18, 3, 11], [11, 7, 14, 22, 1, 3], [7, 9, 6, 10, 9, 15], [6, 7, 5, 1, 4, 37]]"
w200_prefix,shared_function_words_nc,modernize,modernize,339,18,0.3389791771704224,0.2742130671455067,0.4042164309712814,0.35103244837758113,"[[30, 10, 0, 4, 5, 7], [8, 8, 5, 11, 7, 15], [0, 7, 16, 16, 5, 11], [8, 13, 11, 21, 2, 3], [6, 9, 7, 9, 10, 15], [7, 8, 3, 3, 5, 34]]"
w200_prefix,shared_function_words_nc,modernize,simplify,339,18,0.34775001254635446,0.28207072281077433,0.41345777193084876,0.35693215339233036,"[[31, 9, 0, 3, 9, 4], [9, 8, 3, 11, 8, 15], [0, 8, 16, 15, 6, 10], [9, 13, 8, 19, 5, 4], [7, 7, 5, 10, 13, 14], [7, 11, 3, 1, 4, 34]]"
w200_prefix,shared_function_words_nc,simplify,original,339,18,0.3541415489416147,0.279274907454815,0.42629769456507277,0.35988200589970504,"[[28, 11, 3, 6, 5, 3], [6, 6, 9, 7, 5, 21], [0, 7, 24, 13, 0, 11], [5, 7, 12, 24, 4, 6], [5, 6, 9, 6, 12, 18], [3, 12, 6, 3, 8, 28]]"
w200_prefix,shared_function_words_nc,simplify,paraphrase,339,18,0.3272338773847703,0.2523240232127821,0.4043778882349726,0.35103244837758113,"[[30, 9, 1, 4, 3, 9], [7, 6, 8, 15, 4, 14], [0, 7, 17, 19, 1, 11], [8, 7, 16, 24, 0, 3], [6, 11, 8, 11, 5, 15], [4, 9, 5, 1, 4, 37]]"
w200_prefix,shared_function_words_nc,simplify,modernize,339,18,0.3287763005044832,0.2632602937896706,0.3948055797065398,0.3421828908554572,"[[30, 11, 2, 2, 2, 9], [9, 7, 6, 15, 1, 16], [0, 6, 16, 15, 5, 13], [6, 10, 17, 20, 2, 3], [5, 11, 6, 11, 8, 15], [3, 12, 3, 2, 5, 35]]"
w200_prefix,shared_function_words_nc,simplify,simplify,339,18,0.32727462702002,0.26309250765575903,0.39075273186722254,0.3392330383480826,"[[32, 9, 1, 3, 5, 6], [8, 7, 4, 13, 3, 19], [0, 10, 14, 15, 5, 11], [9, 13, 8, 21, 2, 5], [6, 10, 5, 12, 9, 14], [6, 11, 4, 1, 6, 32]]"
w200_prefix,char3_5_tfidf_svm,original,original,339,18,0.7662698450730905,0.6909886091723655,0.8359922418078544,0.775811209439528,"[[52, 2, 1, 1, 0, 0], [3, 24, 3, 13, 7, 4], [1, 2, 43, 4, 3, 2], [2, 1, 3, 51, 0, 1], [0, 0, 2, 5, 46, 3], [3, 2, 4, 0, 4, 47]]"
w200_prefix,char3_5_tfidf_svm,original,paraphrase,339,18,0.4431383686003046,0.35908625513416975,0.5152933719420569,0.4778761061946903,"[[42, 1, 0, 12, 0, 1], [4, 3, 4, 34, 2, 7], [1, 1, 16, 30, 2, 5], [1, 0, 2, 53, 0, 2], [1, 1, 7, 26, 16, 5], [9, 0, 2, 16, 1, 32]]"
w200_prefix,char3_5_tfidf_svm,original,modernize,339,18,0.5341374613345059,0.45305334325224744,0.601041119965495,0.5811209439528023,"[[49, 0, 0, 6, 0, 1], [5, 2, 1, 27, 7, 12], [1, 1, 18, 25, 3, 7], [1, 0, 1, 54, 1, 1], [2, 0, 2, 13, 33, 6], [5, 1, 1, 11, 1, 41]]"
w200_prefix,char3_5_tfidf_svm,original,simplify,339,18,0.4872127142902103,0.40623496515319446,0.5550922692825043,0.5486725663716814,"[[47, 0, 0, 6, 1, 2], [6, 2, 1, 21, 9, 15], [2, 2, 11, 20, 10, 10], [2, 0, 1, 54, 0, 1], [1, 1, 1, 12, 29, 12], [4, 2, 1, 8, 2, 43]]"
w200_prefix,char3_5_tfidf_svm,paraphrase,original,339,18,0.5383426911952919,0.46349724346963755,0.6087273618722361,0.5427728613569321,"[[45, 7, 1, 2, 1, 0], [1, 24, 1, 7, 17, 4], [1, 12, 25, 5, 11, 1], [2, 9, 6, 38, 3, 0], [0, 13, 3, 0, 38, 2], [8, 16, 8, 3, 11, 14]]"
w200_prefix,char3_5_tfidf_svm,paraphrase,paraphrase,339,18,0.5690483120823678,0.4965288122668105,0.6373240539889499,0.5929203539823009,"[[52, 1, 0, 3, 0, 0], [7, 12, 2, 18, 10, 5], [1, 9, 21, 10, 9, 5], [2, 2, 2, 49, 3, 0], [2, 10, 3, 3, 35, 3], [13, 3, 2, 6, 4, 32]]"
w200_prefix,char3_5_tfidf_svm,paraphrase,modernize,339,18,0.5980149049177313,0.5284685338369521,0.6632648542062929,0.616519174041298,"[[51, 3, 0, 2, 0, 0], [5, 15, 3, 10, 18, 3], [1, 6, 25, 5, 13, 5], [3, 3, 1, 48, 2, 1], [0, 5, 3, 2, 46, 0], [5, 12, 3, 6, 10, 24]]"
w200_prefix,char3_5_tfidf_svm,paraphrase,simplify,339,18,0.5620646910530261,0.4991406350108687,0.6232094540912605,0.5722713864306784,"[[46, 5, 1, 3, 1, 0], [4, 16, 2, 9, 19, 4], [1, 7, 21, 6, 18, 2], [3, 5, 0, 43, 6, 1], [0, 6, 1, 3, 45, 1], [5, 11, 2, 3, 16, 23]]"
w200_prefix,char3_5_tfidf_svm,modernize,original,339,18,0.6084090694626002,0.5440755661822623,0.6718154056972405,0.6312684365781711,"[[51, 2, 1, 0, 2, 0], [5, 14, 1, 13, 16, 5], [2, 3, 37, 4, 7, 2], [2, 2, 5, 47, 1, 1], [1, 4, 2, 1, 44, 4], [8, 8, 10, 2, 11, 21]]"
w200_prefix,char3_5_tfidf_svm,modernize,paraphrase,339,18,0.5541898492596243,0.4688917965147553,0.6271921278674311,0.5752212389380531,"[[52, 1, 0, 3, 0, 0], [3, 14, 4, 21, 6, 6], [2, 6, 27, 11, 4, 5], [0, 3, 3, 51, 0, 1], [4, 11, 4, 9, 25, 3], [14, 2, 5, 10, 3, 26]]"
w200_prefix,char3_5_tfidf_svm,modernize,modernize,339,18,0.6192540901783781,0.5535722858584099,0.6784207230955454,0.6342182890855457,"[[52, 1, 0, 3, 0, 0], [4, 22, 1, 13, 10, 4], [1, 8, 24, 11, 6, 5], [1, 2, 2, 52, 0, 1], [0, 8, 2, 6, 39, 1], [10, 8, 2, 8, 6, 26]]"
w200_prefix,char3_5_tfidf_svm,modernize,simplify,339,18,0.5761233991846101,0.5104420457957304,0.637367797939968,0.5958702064896755,"[[49, 3, 1, 3, 0, 0], [5, 17, 2, 13, 12, 5], [1, 5, 19, 12, 14, 4], [1, 4, 0, 48, 4, 1], [1, 5, 1, 6, 42, 1], [10, 8, 2, 4, 9, 27]]"
w200_prefix,char3_5_tfidf_svm,simplify,original,339,18,0.5790709540256234,0.5081337805733743,0.6491757661584596,0.5958702064896755,"[[47, 3, 1, 4, 1, 0], [5, 16, 2, 15, 8, 8], [1, 2, 33, 15, 3, 1], [1, 2, 6, 47, 1, 1], [1, 6, 3, 3, 40, 3], [6, 9, 9, 8, 9, 19]]"
w200_prefix,char3_5_tfidf_svm,simplify,paraphrase,339,18,0.5362795270102665,0.4485379295135381,0.6127039091733282,0.56047197640118,"[[50, 0, 0, 6, 0, 0], [3, 10, 6, 22, 6, 7], [1, 3, 30, 14, 2, 5], [0, 1, 3, 53, 0, 1], [2, 8, 5, 16, 22, 3], [11, 1, 4, 16, 3, 25]]"
w200_prefix,char3_5_tfidf_svm,simplify,modernize,339,18,0.6287191386161056,0.5460584451444221,0.7022640865250689,0.640117994100295,"[[51, 0, 0, 5, 0, 0], [3, 19, 2, 17, 9, 4], [0, 5, 30, 12, 2, 6], [2, 1, 2, 52, 0, 1], [1, 7, 5, 7, 36, 0], [8, 4, 4, 11, 4, 29]]"
w200_prefix,char3_5_tfidf_svm,simplify,simplify,339,18,0.5705891566085068,0.4941704212258401,0.6386441716557523,0.5899705014749262,"[[49, 1, 1, 4, 0, 1], [6, 14, 3, 14, 11, 6], [1, 3, 24, 12, 7, 8], [1, 4, 0, 52, 0, 1], [1, 7, 1, 10, 35, 2], [9, 7, 2, 9, 7, 26]]"
w200_middle,shared_stylometry_nc,original,original,339,18,0.5100588221667391,0.4233569777653007,0.5880301028654233,0.5073746312684366,"[[33, 7, 3, 4, 0, 9], [11, 18, 3, 8, 4, 10], [5, 4, 32, 7, 1, 6], [10, 7, 8, 27, 0, 6], [1, 10, 2, 5, 31, 7], [9, 6, 5, 5, 4, 31]]"
w200_middle,shared_stylometry_nc,original,paraphrase,339,18,0.2913911841646883,0.2121322135012692,0.3657814817744689,0.3274336283185841,"[[24, 1, 4, 12, 0, 15], [11, 13, 5, 5, 0, 20], [4, 5, 13, 15, 1, 17], [9, 5, 10, 22, 0, 12], [9, 4, 10, 11, 1, 21], [8, 3, 5, 6, 0, 38]]"
w200_middle,shared_stylometry_nc,original,modernize,339,18,0.31212143577327095,0.23556321306942854,0.38074393826034253,0.3392330383480826,"[[29, 2, 0, 6, 0, 19], [15, 11, 3, 2, 0, 23], [3, 4, 14, 9, 1, 24], [14, 6, 5, 22, 0, 11], [10, 6, 4, 7, 3, 26], [10, 7, 2, 4, 1, 36]]"
w200_middle,shared_stylometry_nc,original,simplify,339,18,0.29992555174810775,0.23128620383820314,0.3683367517119222,0.3392330383480826,"[[32, 3, 0, 5, 0, 16], [10, 10, 2, 4, 1, 27], [1, 8, 9, 11, 1, 25], [14, 7, 3, 19, 0, 15], [9, 6, 3, 6, 3, 29], [9, 5, 1, 3, 0, 42]]"
w200_middle,shared_stylometry_nc,paraphrase,original,339,18,0.3431433156946895,0.27649638375838764,0.4105104412312463,0.3480825958702065,"[[24, 15, 1, 4, 11, 1], [2, 20, 7, 5, 18, 2], [0, 9, 25, 9, 8, 4], [9, 10, 15, 17, 6, 1], [1, 17, 8, 1, 26, 3], [3, 16, 16, 2, 17, 6]]"
w200_middle,shared_stylometry_nc,paraphrase,paraphrase,339,18,0.39992907975015823,0.32400069449183416,0.47085792689915007,0.41002949852507375,"[[37, 4, 2, 5, 4, 4], [3, 20, 4, 9, 7, 11], [0, 7, 14, 17, 8, 9], [9, 8, 12, 24, 2, 3], [3, 17, 7, 7, 11, 11], [7, 9, 3, 2, 6, 33]]"
w200_middle,shared_stylometry_nc,paraphrase,modernize,339,18,0.41133581466226393,0.3345412128907836,0.4827768140998969,0.41002949852507375,"[[32, 9, 2, 4, 8, 1], [4, 23, 6, 6, 7, 8], [0, 6, 18, 11, 11, 9], [9, 13, 11, 18, 4, 3], [2, 15, 7, 2, 21, 9], [5, 13, 4, 2, 9, 27]]"
w200_middle,shared_stylometry_nc,paraphrase,simplify,339,18,0.35376496971803434,0.2770350168372605,0.4264754124166307,0.35693215339233036,"[[32, 6, 2, 4, 11, 1], [2, 19, 4, 7, 15, 7], [0, 9, 15, 8, 19, 4], [10, 14, 12, 10, 7, 5], [4, 15, 4, 2, 26, 5], [8, 9, 5, 3, 16, 19]]"
w200_middle,shared_stylometry_nc,modernize,original,339,18,0.407168047392189,0.3389488318841012,0.474751402677146,0.41297935103244837,"[[27, 9, 3, 3, 12, 2], [2, 13, 7, 5, 23, 4], [0, 7, 31, 12, 3, 2], [11, 4, 16, 19, 6, 2], [1, 9, 7, 2, 34, 3], [3, 7, 11, 3, 20, 16]]"
w200_middle,shared_stylometry_nc,modernize,paraphrase,339,18,0.3519402866517444,0.2707281230204975,0.4265400122100071,0.3687315634218289,"[[24, 5, 1, 13, 0, 13], [5, 13, 6, 10, 6, 14], [0, 7, 18, 15, 3, 12], [6, 5, 13, 27, 1, 6], [4, 9, 11, 9, 7, 16], [4, 8, 5, 6, 1, 36]]"
w200_middle,shared_stylometry_nc,modernize,modernize,339,18,0.38048133688650854,0.30083902854786276,0.45515383676081966,0.3834808259587021,"[[26, 6, 1, 6, 6, 11], [4, 16, 8, 8, 5, 13], [0, 4, 18, 12, 9, 12], [9, 9, 11, 23, 3, 3], [4, 8, 8, 5, 17, 14], [8, 7, 6, 4, 5, 30]]"
w200_middle,shared_stylometry_nc,modernize,simplify,339,18,0.39400644213854835,0.3196114632095176,0.4650432912726241,0.40117994100294985,"[[32, 6, 0, 6, 7, 5], [4, 14, 5, 7, 7, 17], [2, 8, 19, 10, 8, 8], [10, 8, 14, 15, 6, 5], [4, 6, 8, 3, 24, 11], [8, 6, 6, 3, 5, 32]]"
w200_middle,shared_stylometry_nc,simplify,original,339,18,0.40391095329175825,0.33791286190496533,0.4713183994976591,0.40412979351032446,"[[22, 8, 4, 9, 8, 5], [2, 16, 8, 15, 9, 4], [0, 3, 32, 13, 2, 5], [11, 4, 17, 23, 3, 0], [1, 10, 9, 7, 24, 5], [3, 10, 11, 7, 9, 20]]"
w200_middle,shared_stylometry_nc,simplify,paraphrase,339,18,0.340839111814275,0.2605083500211649,0.41680712491787825,0.35693215339233036,"[[26, 5, 3, 12, 0, 10], [4, 12, 6, 17, 2, 13], [0, 6, 13, 22, 1, 13], [7, 6, 13, 28, 0, 4], [2, 10, 6, 15, 7, 16], [4, 8, 5, 7, 1, 35]]"
w200_middle,shared_stylometry_nc,simplify,modernize,339,18,0.3781941115369348,0.3084797063197665,0.446057549542554,0.3893805309734513,"[[31, 5, 1, 8, 2, 9], [5, 15, 8, 8, 4, 14], [0, 6, 16, 16, 4, 13], [8, 8, 11, 25, 2, 4], [5, 10, 7, 8, 11, 15], [7, 9, 4, 3, 3, 34]]"
w200_middle,shared_stylometry_nc,simplify,simplify,339,18,0.3549245951620375,0.2825486116025598,0.4239538824700758,0.35988200589970504,"[[34, 6, 0, 9, 2, 5], [5, 12, 4, 11, 5, 17], [0, 7, 18, 14, 6, 10], [6, 14, 15, 14, 5, 4], [3, 11, 5, 9, 13, 15], [9, 7, 7, 5, 1, 31]]"
w200_middle,shared_function_words_nc,original,original,339,18,0.4116169047453406,0.32971300702456346,0.48754699554859154,0.41297935103244837,"[[34, 5, 0, 11, 1, 5], [9, 7, 2, 16, 7, 13], [1, 6, 29, 11, 0, 8], [8, 16, 10, 22, 0, 2], [4, 7, 3, 4, 22, 16], [11, 6, 3, 5, 9, 26]]"
w200_middle,shared_function_words_nc,original,paraphrase,339,18,0.3137835830818377,0.24843533895380898,0.3747794864538718,0.3303834808259587,"[[32, 4, 1, 6, 1, 12], [7, 12, 2, 13, 6, 14], [0, 12, 8, 21, 4, 10], [7, 15, 8, 23, 1, 4], [6, 14, 4, 8, 7, 17], [7, 14, 1, 3, 5, 30]]"
w200_middle,shared_function_words_nc,original,modernize,339,18,0.3085678039392786,0.244147908681462,0.3718014777434751,0.32448377581120946,"[[33, 2, 1, 7, 1, 12], [11, 12, 1, 10, 7, 13], [2, 9, 8, 20, 3, 13], [10, 19, 6, 19, 1, 3], [10, 13, 1, 5, 10, 17], [8, 10, 1, 6, 7, 28]]"
w200_middle,shared_function_words_nc,original,simplify,339,18,0.3184886923091297,0.25458046110247945,0.37800476093913915,0.3392330383480826,"[[35, 3, 0, 6, 3, 9], [9, 7, 1, 13, 8, 16], [2, 12, 8, 13, 6, 14], [9, 21, 2, 21, 2, 3], [10, 9, 1, 7, 11, 18], [10, 7, 1, 4, 5, 33]]"
w200_middle,shared_function_words_nc,paraphrase,original,339,18,0.3532211720577059,0.29491393872389443,0.41212805164425764,0.35398230088495575,"[[29, 6, 3, 3, 13, 2], [5, 12, 7, 7, 13, 10], [0, 6, 27, 11, 6, 5], [11, 12, 15, 13, 5, 2], [3, 14, 4, 2, 18, 15], [8, 9, 4, 2, 16, 21]]"
w200_middle,shared_function_words_nc,paraphrase,paraphrase,339,18,0.3685166929797263,0.3065987727641223,0.4311382801763729,0.3805309734513274,"[[35, 3, 2, 2, 9, 5], [2, 15, 5, 13, 5, 14], [0, 6, 16, 16, 6, 11], [12, 7, 13, 20, 4, 2], [5, 11, 6, 7, 9, 18], [6, 9, 2, 2, 7, 34]]"
w200_middle,shared_function_words_nc,paraphrase,modernize,339,18,0.3625975248261855,0.30589857752362165,0.4190443712543423,0.3687315634218289,"[[36, 5, 4, 3, 7, 1], [8, 14, 3, 13, 3, 13], [0, 4, 18, 15, 7, 11], [10, 16, 8, 16, 4, 4], [5, 12, 6, 6, 13, 14], [7, 10, 3, 3, 9, 28]]"
w200_middle,shared_function_words_nc,paraphrase,simplify,339,18,0.34960427375606834,0.28645735789350807,0.412866208537416,0.35988200589970504,"[[37, 5, 2, 4, 6, 2], [5, 11, 4, 13, 5, 16], [0, 7, 15, 11, 13, 9], [12, 10, 10, 15, 7, 4], [6, 13, 3, 5, 14, 15], [9, 8, 3, 2, 8, 30]]"
w200_middle,shared_function_words_nc,modernize,original,339,18,0.3706984714817166,0.3028096231941897,0.4387753834141033,0.3746312684365782,"[[30, 8, 2, 5, 8, 3], [5, 10, 7, 10, 9, 13], [0, 6, 28, 12, 3, 6], [10, 10, 15, 17, 2, 4], [3, 7, 5, 5, 18, 18], [8, 8, 7, 3, 10, 24]]"
w200_middle,shared_function_words_nc,modernize,paraphrase,339,18,0.34893714619581534,0.2832448663960387,0.4143952387990106,0.36578171091445427,"[[31, 2, 3, 3, 3, 14], [4, 10, 5, 16, 3, 16], [0, 6, 17, 16, 4, 12], [9, 8, 16, 19, 1, 5], [4, 9, 6, 8, 9, 20], [6, 8, 2, 1, 5, 38]]"
w200_middle,shared_function_words_nc,modernize,modernize,339,18,0.3450457358793317,0.28542120109283836,0.40584035339404523,0.35693215339233036,"[[32, 5, 3, 2, 7, 7], [6, 10, 4, 17, 1, 16], [0, 5, 20, 15, 4, 11], [9, 12, 10, 19, 2, 6], [4, 9, 8, 7, 9, 19], [10, 6, 3, 2, 8, 31]]"
w200_middle,shared_function_words_nc,modernize,simplify,339,18,0.34907415764734706,0.2883495904802134,0.40837364288143707,0.35988200589970504,"[[32, 5, 2, 5, 9, 3], [4, 10, 5, 16, 2, 17], [1, 5, 17, 14, 6, 12], [11, 10, 10, 19, 3, 5], [6, 8, 5, 8, 12, 17], [9, 8, 2, 2, 7, 32]]"
w200_middle,shared_function_words_nc,simplify,original,339,18,0.35952769242628996,0.30011840050159294,0.4212045408362488,0.35988200589970504,"[[27, 7, 2, 8, 5, 7], [4, 9, 8, 14, 8, 11], [0, 6, 28, 10, 1, 10], [10, 13, 17, 16, 0, 2], [2, 11, 5, 5, 16, 17], [4, 13, 9, 2, 6, 26]]"
w200_middle,shared_function_words_nc,simplify,paraphrase,339,18,0.3229750385782012,0.25410513243506194,0.39353484863967236,0.3392330383480826,"[[27, 5, 3, 3, 4, 14], [3, 9, 7, 16, 4, 15], [0, 7, 14, 17, 2, 15], [7, 10, 16, 20, 1, 4], [3, 9, 7, 9, 7, 21], [4, 11, 1, 2, 4, 38]]"
w200_middle,shared_function_words_nc,simplify,modernize,339,18,0.3481423653825009,0.2893029430595523,0.4079075781945806,0.35988200589970504,"[[31, 4, 3, 5, 4, 9], [6, 9, 6, 16, 1, 16], [0, 5, 20, 13, 6, 11], [8, 11, 12, 19, 2, 6], [4, 10, 7, 7, 10, 18], [7, 7, 3, 2, 8, 33]]"
w200_middle,shared_function_words_nc,simplify,simplify,339,18,0.31329968389631535,0.25463844976818295,0.37495049799792707,0.3274336283185841,"[[30, 5, 2, 7, 6, 6], [6, 6, 5, 16, 2, 19], [0, 9, 14, 13, 6, 13], [9, 9, 14, 16, 5, 5], [4, 10, 6, 8, 11, 17], [8, 6, 3, 2, 7, 34]]"
w200_middle,char3_5_tfidf_svm,original,original,339,18,0.7209189755702031,0.6533016847318097,0.7840838511381714,0.7315634218289085,"[[49, 3, 1, 2, 0, 1], [3, 22, 4, 11, 11, 3], [2, 3, 39, 7, 1, 3], [1, 2, 2, 52, 1, 0], [0, 3, 2, 2, 45, 4], [5, 0, 4, 2, 8, 41]]"
w200_middle,char3_5_tfidf_svm,original,paraphrase,339,18,0.44470941000088193,0.3538446674449606,0.5244709149737472,0.4690265486725664,"[[38, 2, 1, 11, 0, 4], [2, 6, 2, 29, 3, 12], [1, 1, 19, 27, 2, 5], [0, 1, 0, 56, 0, 1], [0, 2, 5, 28, 14, 7], [5, 3, 5, 21, 0, 26]]"
w200_middle,char3_5_tfidf_svm,original,modernize,339,18,0.49128804202333615,0.4184572147272166,0.559713532513715,0.5250737463126843,"[[43, 1, 0, 8, 0, 4], [5, 6, 3, 18, 10, 12], [1, 1, 16, 22, 5, 10], [1, 0, 1, 54, 1, 1], [1, 0, 2, 13, 28, 12], [5, 4, 1, 14, 5, 31]]"
w200_middle,char3_5_tfidf_svm,original,simplify,339,18,0.4684107375331121,0.3862023997051568,0.541472186132523,0.5132743362831859,"[[43, 0, 0, 6, 1, 6], [3, 3, 2, 17, 10, 19], [1, 1, 13, 19, 9, 12], [2, 1, 2, 49, 1, 3], [1, 2, 1, 10, 28, 14], [7, 1, 0, 12, 2, 38]]"
w200_middle,char3_5_tfidf_svm,paraphrase,original,339,18,0.5171297406438548,0.43455212578445734,0.5939628635211963,0.5250737463126843,"[[42, 5, 0, 4, 5, 0], [4, 20, 8, 7, 13, 2], [0, 10, 28, 7, 7, 3], [7, 7, 3, 37, 1, 3], [1, 11, 7, 0, 37, 0], [4, 13, 9, 3, 17, 14]]"
w200_middle,char3_5_tfidf_svm,paraphrase,paraphrase,339,18,0.5915726361246642,0.509190327229699,0.6703981271699326,0.6017699115044248,"[[49, 2, 0, 4, 1, 0], [2, 21, 2, 13, 12, 4], [2, 4, 22, 12, 8, 7], [1, 4, 1, 48, 3, 1], [0, 12, 4, 4, 35, 1], [7, 8, 2, 8, 6, 29]]"
w200_middle,char3_5_tfidf_svm,paraphrase,modernize,339,18,0.6042922541092228,0.5348660098583234,0.6694628328565613,0.6194690265486725,"[[50, 3, 1, 2, 0, 0], [4, 18, 4, 11, 14, 3], [1, 7, 27, 6, 8, 6], [2, 2, 2, 48, 3, 1], [1, 7, 2, 1, 42, 3], [6, 5, 3, 10, 11, 25]]"
w200_middle,char3_5_tfidf_svm,paraphrase,simplify,339,18,0.5556436645884404,0.48570083720453205,0.6228841220096762,0.5722713864306784,"[[49, 2, 1, 2, 2, 0], [5, 14, 2, 12, 19, 2], [1, 7, 20, 8, 11, 8], [1, 4, 3, 41, 7, 2], [0, 7, 1, 4, 44, 0], [5, 7, 5, 8, 9, 26]]"
w200_middle,char3_5_tfidf_svm,modernize,original,339,18,0.5867556287583385,0.5119446664784152,0.6615551094235746,0.6135693215339233,"[[47, 2, 2, 4, 1, 0], [5, 15, 6, 11, 15, 2], [1, 3, 41, 3, 3, 4], [4, 2, 5, 46, 1, 0], [0, 7, 4, 1, 43, 1], [10, 4, 9, 8, 13, 16]]"
w200_middle,char3_5_tfidf_svm,modernize,paraphrase,339,18,0.6437921262768999,0.563406914308479,0.7178043779899583,0.6548672566371682,"[[50, 1, 0, 4, 1, 0], [3, 21, 5, 14, 7, 4], [1, 2, 35, 9, 2, 6], [0, 0, 3, 53, 1, 1], [1, 8, 4, 6, 33, 4], [8, 3, 6, 11, 2, 30]]"
w200_middle,char3_5_tfidf_svm,modernize,modernize,339,18,0.6373581729062849,0.5581633657650085,0.7084855444892896,0.6489675516224189,"[[49, 1, 1, 4, 1, 0], [5, 22, 1, 13, 10, 3], [1, 5, 28, 9, 7, 5], [1, 3, 0, 52, 0, 2], [1, 8, 2, 1, 41, 3], [7, 5, 2, 11, 7, 28]]"
w200_middle,char3_5_tfidf_svm,modernize,simplify,339,18,0.6186990369374444,0.5558735909151661,0.6797152648213443,0.6312684365781711,"[[51, 1, 1, 2, 1, 0], [7, 19, 1, 11, 13, 3], [1, 4, 27, 9, 10, 4], [0, 3, 1, 48, 4, 2], [1, 7, 1, 4, 41, 2], [6, 4, 2, 9, 11, 28]]"
w200_middle,char3_5_tfidf_svm,simplify,original,339,18,0.5807866566941625,0.5028928675203249,0.6554328288971755,0.5988200589970502,"[[42, 2, 4, 5, 2, 1], [5, 13, 7, 12, 14, 3], [1, 4, 34, 11, 2, 3], [2, 1, 2, 50, 0, 3], [1, 6, 7, 2, 38, 2], [6, 5, 5, 9, 9, 26]]"
w200_middle,char3_5_tfidf_svm,simplify,paraphrase,339,18,0.5648274859247205,0.48272685555592737,0.6358820079557314,0.5781710914454278,"[[48, 2, 0, 6, 0, 0], [3, 16, 6, 21, 4, 4], [1, 1, 28, 14, 5, 6], [0, 1, 3, 52, 1, 1], [2, 6, 6, 11, 27, 4], [8, 4, 6, 15, 2, 25]]"
w200_middle,char3_5_tfidf_svm,simplify,modernize,339,18,0.5919717009937147,0.5268816751174378,0.6544063814694652,0.6076696165191741,"[[48, 2, 1, 5, 0, 0], [4, 16, 5, 16, 8, 5], [1, 1, 29, 12, 3, 9], [1, 2, 2, 52, 0, 1], [1, 5, 4, 8, 36, 2], [8, 5, 3, 12, 7, 25]]"
w200_middle,char3_5_tfidf_svm,simplify,simplify,339,18,0.5652492317813119,0.49806891579360385,0.629908325963613,0.5811209439528023,"[[48, 2, 1, 3, 0, 2], [4, 13, 3, 15, 13, 6], [1, 6, 25, 11, 4, 8], [1, 3, 3, 49, 0, 2], [1, 8, 0, 8, 36, 3], [5, 4, 4, 13, 8, 26]]"
w200_suffix,shared_stylometry_nc,original,original,339,18,0.5317804728013079,0.43070549544353953,0.6202028580038345,0.5339233038348082,"[[41, 5, 3, 4, 0, 3], [5, 16, 4, 6, 11, 12], [4, 5, 35, 3, 2, 6], [7, 4, 10, 34, 0, 3], [0, 10, 3, 2, 33, 8], [5, 15, 6, 3, 9, 22]]"
w200_suffix,shared_stylometry_nc,original,paraphrase,339,18,0.2951931978586983,0.2195444610125368,0.36606568647474347,0.3274336283185841,"[[24, 0, 2, 18, 0, 12], [5, 8, 4, 14, 2, 21], [1, 4, 15, 15, 1, 19], [7, 3, 12, 28, 0, 8], [4, 5, 10, 18, 2, 17], [5, 4, 10, 7, 0, 34]]"
w200_suffix,shared_stylometry_nc,original,modernize,339,18,0.35303965429023904,0.2729615058744275,0.4296614358280815,0.3834808259587021,"[[31, 1, 0, 11, 0, 13], [9, 9, 2, 8, 3, 23], [0, 3, 17, 13, 1, 21], [13, 1, 7, 28, 1, 8], [6, 6, 6, 8, 5, 25], [5, 6, 2, 6, 1, 40]]"
w200_suffix,shared_stylometry_nc,original,simplify,339,18,0.32854967835621524,0.2517872162424627,0.40298500881238747,0.36578171091445427,"[[31, 2, 0, 11, 0, 12], [9, 6, 0, 10, 2, 27], [0, 4, 10, 17, 3, 21], [14, 1, 5, 26, 0, 12], [6, 3, 4, 10, 8, 25], [8, 3, 2, 3, 1, 43]]"
w200_suffix,shared_stylometry_nc,paraphrase,original,339,18,0.29739494173534403,0.24200988847154092,0.3528828778875246,0.31268436578171094,"[[21, 14, 1, 5, 13, 2], [5, 22, 4, 6, 15, 2], [1, 11, 18, 14, 10, 1], [12, 10, 11, 15, 8, 2], [0, 20, 5, 1, 28, 2], [5, 21, 9, 0, 23, 2]]"
w200_suffix,shared_stylometry_nc,paraphrase,paraphrase,339,18,0.3866434432385142,0.31762553526653625,0.4528999671668258,0.3952802359882006,"[[32, 4, 1, 10, 6, 3], [6, 18, 5, 8, 6, 11], [0, 4, 15, 16, 11, 9], [12, 7, 12, 22, 2, 3], [3, 13, 9, 7, 12, 12], [4, 9, 3, 4, 5, 35]]"
w200_suffix,shared_stylometry_nc,paraphrase,modernize,339,18,0.3777740136262147,0.30954760073140697,0.4436681853297464,0.3805309734513274,"[[33, 7, 0, 3, 10, 3], [4, 22, 4, 6, 11, 7], [0, 6, 12, 13, 15, 9], [11, 12, 10, 16, 4, 5], [2, 17, 4, 3, 21, 9], [6, 14, 2, 3, 10, 25]]"
w200_suffix,shared_stylometry_nc,paraphrase,simplify,339,18,0.36264005481152134,0.2974460505474692,0.42429111169981165,0.36578171091445427,"[[34, 7, 0, 4, 10, 1], [7, 18, 2, 5, 15, 7], [2, 6, 15, 8, 18, 6], [10, 15, 9, 11, 8, 5], [1, 18, 4, 3, 26, 4], [7, 8, 4, 3, 18, 20]]"
w200_suffix,shared_stylometry_nc,modernize,original,339,18,0.3631595452428675,0.2901502168203353,0.4358959109438716,0.3775811209439528,"[[24, 9, 1, 8, 11, 3], [4, 14, 6, 5, 19, 6], [1, 5, 29, 12, 6, 2], [15, 4, 14, 18, 4, 3], [1, 6, 7, 1, 35, 6], [5, 15, 14, 3, 15, 8]]"
w200_suffix,shared_stylometry_nc,modernize,paraphrase,339,18,0.3411114901107746,0.27577792627152914,0.406963367643673,0.35988200589970504,"[[27, 4, 1, 13, 2, 9], [5, 13, 6, 9, 4, 17], [1, 2, 17, 16, 8, 11], [7, 5, 15, 23, 0, 8], [3, 10, 13, 8, 5, 17], [3, 8, 5, 6, 1, 37]]"
w200_suffix,shared_stylometry_nc,modernize,modernize,339,18,0.3980450303325207,0.32158523165685865,0.47022123171437485,0.40707964601769914,"[[36, 6, 0, 5, 5, 4], [5, 15, 6, 6, 11, 11], [1, 2, 16, 13, 11, 12], [12, 8, 10, 21, 1, 6], [4, 10, 8, 4, 17, 13], [6, 8, 5, 4, 4, 33]]"
w200_suffix,shared_stylometry_nc,modernize,simplify,339,18,0.4043227004223468,0.32921703330338137,0.4795037308106119,0.41002949852507375,"[[35, 5, 0, 5, 9, 2], [5, 13, 3, 6, 13, 14], [1, 3, 19, 11, 12, 9], [10, 9, 8, 19, 5, 7], [4, 10, 7, 4, 23, 8], [8, 7, 5, 2, 8, 30]]"
w200_suffix,shared_stylometry_nc,simplify,original,339,18,0.3958893129754982,0.31909151114207135,0.4701201016446574,0.3952802359882006,"[[24, 5, 5, 12, 6, 4], [2, 16, 7, 8, 11, 10], [0, 4, 29, 15, 3, 4], [8, 5, 14, 22, 4, 5], [1, 7, 9, 1, 27, 11], [3, 15, 12, 5, 9, 16]]"
w200_suffix,shared_stylometry_nc,simplify,paraphrase,339,18,0.34372703258864457,0.2701134708948816,0.41404517507948546,0.35988200589970504,"[[26, 3, 2, 15, 1, 9], [6, 9, 5, 12, 3, 19], [0, 4, 19, 16, 3, 13], [6, 5, 13, 28, 0, 6], [2, 9, 10, 12, 7, 16], [2, 9, 8, 8, 0, 33]]"
w200_suffix,shared_stylometry_nc,simplify,modernize,339,18,0.402120117582432,0.3212652696774778,0.47764860379581897,0.40707964601769914,"[[34, 3, 3, 7, 2, 7], [3, 17, 7, 11, 6, 10], [0, 4, 17, 15, 7, 12], [8, 6, 13, 25, 0, 6], [3, 9, 9, 6, 14, 15], [6, 8, 7, 5, 3, 31]]"
w200_suffix,shared_stylometry_nc,simplify,simplify,339,18,0.395280839447512,0.32695920383246074,0.4616802163535849,0.40117994100294985,"[[34, 6, 0, 7, 4, 5], [5, 12, 5, 11, 7, 14], [0, 4, 20, 12, 8, 11], [7, 13, 12, 19, 1, 6], [2, 14, 6, 5, 16, 13], [7, 6, 5, 4, 3, 35]]"
w200_suffix,shared_function_words_nc,original,original,339,18,0.47420804122407395,0.3900476024175068,0.5491582428783727,0.4749262536873156,"[[38, 3, 1, 6, 0, 8], [6, 10, 3, 6, 8, 21], [3, 4, 33, 7, 3, 5], [8, 12, 9, 24, 1, 4], [1, 7, 3, 4, 34, 7], [7, 15, 4, 4, 8, 22]]"
w200_suffix,shared_function_words_nc,original,paraphrase,339,18,0.2892716056522322,0.2278840486046236,0.35549803498466004,0.32448377581120946,"[[26, 3, 0, 11, 0, 16], [9, 3, 0, 19, 4, 19], [0, 6, 9, 20, 5, 15], [6, 4, 12, 28, 1, 7], [5, 6, 3, 17, 6, 19], [5, 9, 0, 5, 3, 38]]"
w200_suffix,shared_function_words_nc,original,modernize,339,18,0.33519704995660254,0.25814174551228014,0.4062329211616112,0.35988200589970504,"[[26, 3, 0, 12, 0, 15], [9, 7, 2, 14, 5, 17], [2, 5, 11, 18, 5, 14], [9, 3, 5, 30, 1, 10], [5, 6, 2, 12, 11, 20], [8, 7, 0, 3, 5, 37]]"
w200_suffix,shared_function_words_nc,original,simplify,339,18,0.3185867461667255,0.24486803091656223,0.3844803370147021,0.34513274336283184,"[[33, 2, 0, 9, 1, 11], [10, 3, 0, 17, 4, 20], [1, 7, 7, 15, 9, 16], [9, 13, 3, 23, 3, 7], [3, 5, 2, 11, 16, 19], [9, 7, 1, 2, 6, 35]]"
w200_suffix,shared_function_words_nc,paraphrase,original,339,18,0.33201335779842167,0.25755923946654935,0.39983795980877856,0.3333333333333333,"[[30, 10, 1, 7, 4, 4], [5, 9, 5, 8, 11, 16], [0, 7, 17, 12, 7, 12], [13, 11, 11, 12, 6, 5], [2, 9, 7, 1, 21, 16], [6, 15, 3, 3, 9, 24]]"
w200_suffix,shared_function_words_nc,paraphrase,paraphrase,339,18,0.31439161686179845,0.2509622016158132,0.37896858115443993,0.336283185840708,"[[34, 4, 2, 4, 6, 6], [7, 7, 7, 12, 5, 16], [1, 5, 12, 14, 11, 12], [13, 8, 15, 15, 3, 4], [5, 8, 6, 8, 10, 19], [8, 7, 1, 1, 7, 36]]"
w200_suffix,shared_function_words_nc,paraphrase,modernize,339,18,0.3374200057226182,0.2736643333974967,0.4029861381316141,0.35103244837758113,"[[37, 4, 1, 4, 8, 2], [6, 9, 7, 12, 3, 17], [0, 5, 12, 15, 13, 10], [14, 13, 10, 16, 2, 3], [5, 11, 6, 4, 14, 16], [6, 9, 3, 2, 9, 31]]"
w200_suffix,shared_function_words_nc,paraphrase,simplify,339,18,0.3293525073642017,0.2627072363242688,0.3949717897028306,0.3421828908554572,"[[38, 6, 1, 4, 6, 1], [7, 7, 4, 14, 6, 16], [2, 5, 14, 11, 15, 8], [11, 8, 10, 15, 9, 5], [6, 12, 5, 5, 15, 13], [11, 8, 1, 2, 11, 27]]"
w200_suffix,shared_function_words_nc,modernize,original,339,18,0.36147643456544026,0.29483544895431296,0.4271441446634598,0.35988200589970504,"[[26, 10, 4, 6, 5, 5], [4, 9, 10, 7, 7, 17], [0, 6, 24, 14, 5, 6], [12, 13, 9, 15, 4, 5], [2, 6, 6, 3, 22, 17], [4, 16, 6, 4, 4, 26]]"
w200_suffix,shared_function_words_nc,modernize,paraphrase,339,18,0.33932118723829613,0.27182596187303926,0.40800988424634116,0.35988200589970504,"[[30, 3, 3, 4, 5, 11], [5, 9, 6, 12, 3, 19], [0, 3, 15, 16, 6, 15], [9, 10, 12, 20, 0, 7], [7, 6, 10, 7, 9, 17], [6, 8, 1, 2, 4, 39]]"
w200_suffix,shared_function_words_nc,modernize,modernize,339,18,0.32535477841246874,0.25621456750846094,0.3932459906238431,0.3392330383480826,"[[34, 5, 0, 3, 10, 4], [6, 8, 6, 11, 6, 17], [1, 5, 13, 15, 8, 13], [9, 14, 10, 16, 2, 7], [6, 8, 6, 7, 12, 17], [8, 7, 3, 3, 7, 32]]"
w200_suffix,shared_function_words_nc,modernize,simplify,339,18,0.3275381285594487,0.2605089901234554,0.39633152060601223,0.3392330383480826,"[[35, 6, 1, 5, 7, 2], [5, 9, 5, 12, 5, 18], [1, 5, 15, 12, 9, 13], [11, 10, 11, 15, 5, 6], [7, 7, 6, 5, 13, 18], [10, 7, 3, 2, 10, 28]]"
w200_suffix,shared_function_words_nc,simplify,original,339,18,0.335531582941854,0.2690374874620137,0.4009751206262543,0.336283185840708,"[[25, 5, 2, 11, 3, 10], [2, 7, 11, 9, 7, 18], [0, 4, 27, 12, 1, 11], [8, 12, 11, 18, 4, 5], [2, 9, 12, 4, 12, 17], [2, 17, 8, 4, 4, 25]]"
w200_suffix,shared_function_words_nc,simplify,paraphrase,339,18,0.31972155351759585,0.25224494742083803,0.38711682680658716,0.3333333333333333,"[[29, 1, 2, 8, 2, 14], [4, 7, 9, 11, 3, 20], [0, 4, 16, 15, 4, 16], [8, 9, 17, 16, 1, 7], [5, 9, 11, 6, 10, 15], [5, 10, 7, 1, 2, 35]]"
w200_suffix,shared_function_words_nc,simplify,modernize,339,18,0.31668671736087467,0.24982124368375477,0.38348252754139805,0.3274336283185841,"[[29, 3, 2, 6, 7, 9], [6, 7, 8, 14, 4, 15], [0, 4, 16, 15, 6, 14], [9, 12, 16, 16, 0, 5], [5, 9, 9, 7, 11, 15], [5, 10, 4, 4, 5, 32]]"
w200_suffix,shared_function_words_nc,simplify,simplify,339,18,0.32600131888791684,0.2659657299065019,0.387308011133495,0.336283185840708,"[[34, 5, 2, 6, 5, 4], [5, 6, 5, 14, 4, 20], [0, 3, 16, 13, 10, 13], [7, 11, 12, 17, 4, 7], [4, 13, 5, 7, 12, 15], [11, 8, 2, 2, 8, 29]]"
w200_suffix,char3_5_tfidf_svm,original,original,339,18,0.7450438355143021,0.6621595909355756,0.8179399949661343,0.7640117994100295,"[[52, 0, 0, 2, 1, 1], [9, 17, 3, 9, 9, 7], [0, 1, 46, 2, 3, 3], [3, 0, 3, 51, 0, 1], [0, 0, 2, 1, 47, 6], [2, 1, 1, 3, 7, 46]]"
w200_suffix,char3_5_tfidf_svm,original,paraphrase,339,18,0.47540402182906155,0.3845658486060995,0.5595112869135067,0.48672566371681414,"[[40, 0, 0, 14, 0, 2], [0, 11, 3, 32, 2, 6], [1, 1, 21, 22, 5, 5], [2, 0, 4, 52, 0, 0], [0, 2, 5, 25, 13, 11], [4, 3, 3, 22, 0, 28]]"
w200_suffix,char3_5_tfidf_svm,original,modernize,339,18,0.49568208012838477,0.4127380755213843,0.5685517348987541,0.5221238938053098,"[[45, 0, 1, 10, 0, 0], [4, 7, 2, 21, 10, 10], [0, 2, 18, 23, 4, 8], [3, 0, 2, 50, 1, 2], [0, 0, 2, 16, 23, 15], [4, 2, 1, 13, 6, 34]]"
w200_suffix,char3_5_tfidf_svm,original,simplify,339,18,0.5073034940357817,0.42711966234710447,0.5795741908804879,0.5427728613569321,"[[48, 0, 0, 6, 0, 2], [4, 9, 2, 14, 10, 15], [0, 1, 11, 22, 11, 10], [4, 1, 3, 46, 1, 3], [0, 0, 1, 10, 31, 14], [5, 1, 0, 11, 4, 39]]"
w200_suffix,char3_5_tfidf_svm,paraphrase,original,339,18,0.5438788525053296,0.4630003674506606,0.621024883560527,0.5634218289085545,"[[46, 6, 1, 2, 1, 0], [1, 35, 3, 5, 9, 1], [2, 10, 27, 7, 9, 0], [7, 4, 1, 41, 4, 1], [1, 17, 2, 2, 34, 0], [10, 20, 3, 4, 15, 8]]"
w200_suffix,char3_5_tfidf_svm,paraphrase,paraphrase,339,18,0.5713789536742214,0.49157177855473144,0.6463979265771187,0.5811209439528023,"[[48, 2, 1, 5, 0, 0], [6, 17, 0, 10, 16, 5], [1, 4, 26, 11, 7, 6], [3, 3, 2, 45, 4, 1], [0, 9, 4, 5, 35, 3], [4, 10, 3, 10, 7, 26]]"
w200_suffix,char3_5_tfidf_svm,paraphrase,modernize,339,18,0.5853437074594142,0.5163215375348627,0.6483625702280371,0.5958702064896755,"[[50, 3, 1, 2, 0, 0], [4, 21, 1, 7, 18, 3], [1, 4, 23, 10, 11, 6], [4, 1, 4, 44, 4, 1], [0, 9, 0, 4, 40, 3], [4, 12, 3, 5, 12, 24]]"
w200_suffix,char3_5_tfidf_svm,paraphrase,simplify,339,18,0.5127865196614245,0.449733459078848,0.5735537690009461,0.5250737463126843,"[[48, 4, 1, 2, 1, 0], [4, 18, 2, 8, 20, 2], [0, 3, 20, 7, 18, 7], [5, 7, 2, 37, 7, 0], [0, 12, 0, 2, 41, 1], [3, 13, 5, 7, 18, 14]]"
w200_suffix,char3_5_tfidf_svm,modernize,original,339,18,0.6048803166874027,0.5288573228214398,0.6811739424431348,0.6253687315634219,"[[50, 3, 1, 2, 0, 0], [4, 22, 5, 7, 13, 3], [0, 4, 38, 5, 5, 3], [4, 1, 4, 47, 2, 0], [0, 8, 2, 3, 42, 1], [7, 15, 5, 2, 18, 13]]"
w200_suffix,char3_5_tfidf_svm,modernize,paraphrase,339,18,0.6309198146691299,0.5556516654753985,0.707486309568342,0.640117994100295,"[[49, 2, 0, 5, 0, 0], [4, 21, 3, 15, 7, 4], [0, 2, 34, 10, 4, 5], [1, 1, 2, 53, 0, 1], [0, 8, 5, 10, 30, 3], [7, 6, 4, 10, 3, 30]]"
w200_suffix,char3_5_tfidf_svm,modernize,modernize,339,18,0.6462298266633573,0.5842788999496581,0.7068580413925218,0.6548672566371682,"[[50, 1, 1, 4, 0, 0], [2, 25, 3, 10, 10, 4], [1, 3, 28, 11, 7, 5], [1, 2, 2, 52, 1, 0], [1, 9, 2, 4, 36, 4], [6, 9, 1, 5, 8, 31]]"
w200_suffix,char3_5_tfidf_svm,modernize,simplify,339,18,0.6042879176535073,0.5416376557963101,0.6644713126112002,0.6194690265486725,"[[52, 2, 1, 1, 0, 0], [6, 19, 1, 10, 14, 4], [1, 3, 23, 10, 13, 5], [0, 2, 2, 49, 4, 1], [1, 8, 0, 4, 41, 2], [6, 9, 0, 8, 11, 26]]"
w200_suffix,char3_5_tfidf_svm,simplify,original,339,18,0.6085068006475504,0.5197978730018563,0.688630811102481,0.6253687315634219,"[[44, 1, 1, 7, 1, 2], [3, 21, 4, 12, 11, 3], [0, 5, 34, 10, 2, 4], [3, 1, 3, 49, 1, 1], [0, 4, 2, 3, 46, 1], [9, 10, 5, 7, 11, 18]]"
w200_suffix,char3_5_tfidf_svm,simplify,paraphrase,339,18,0.5644743864022272,0.47887122830861506,0.6380905508432749,0.5752212389380531,"[[49, 1, 0, 6, 0, 0], [2, 19, 4, 19, 6, 4], [0, 1, 27, 15, 5, 7], [1, 2, 4, 51, 0, 0], [1, 7, 8, 14, 23, 3], [7, 10, 4, 12, 1, 26]]"
w200_suffix,char3_5_tfidf_svm,simplify,modernize,339,18,0.5953350763343245,0.5278147107670718,0.6577344009567765,0.6047197640117994,"[[49, 0, 1, 5, 0, 1], [3, 23, 4, 12, 8, 4], [1, 3, 25, 17, 3, 6], [2, 3, 3, 49, 1, 0], [2, 5, 2, 7, 33, 7], [6, 12, 3, 8, 5, 26]]"
w200_suffix,char3_5_tfidf_svm,simplify,simplify,339,18,0.5434747454237682,0.470940446478454,0.6098876440091756,0.5575221238938053,"[[49, 3, 0, 3, 0, 1], [6, 14, 3, 13, 14, 4], [1, 5, 21, 14, 6, 8], [2, 6, 4, 44, 2, 0], [0, 7, 3, 6, 35, 5], [5, 11, 3, 7, 8, 26]]"
