audit_id,text_id,passage_id,condition,author_id,author_name,work_id,work_title,qc_status,qc_flags,original_text_sha256,rewritten_text_sha256
E4_001,SHELLEY_FRANKENSTEIN_025__paraphrase,SHELLEY_FRANKENSTEIN_025,paraphrase,shelley,Mary Shelley,frankenstein,Frankenstein or The Modern Prometheus,warning,length_soft_warning,77f5cf90eec74562cdab8509684dd6b2e0fcab7ff2cf1679deb384b80c3aab0f,7cfb15ec7d85c35c9dd40052af6f478e4f3fc012d24a2fc672eb7fad63d74d7b
E4_002,WILDE_DORIAN_GRAY_001__paraphrase,WILDE_DORIAN_GRAY_001,paraphrase,wilde,Oscar Wilde,dorian_gray,The Picture of Dorian Gray,pass,,2cbbd75d8772b25f0fa765a54ad998644e2878e3ddf146e349d18ce7b9553163,a3620533f19024a5ec714709887d5e892a2a7b51487ecb0438cdf1ac88f64103
E4_003,POE_WORKS_VOLUME_2_004__paraphrase,POE_WORKS_VOLUME_2_004,paraphrase,poe,Edgar Allan Poe,works_volume_2,The Works of Edgar Allan Poe Volume 2,pass,,2321947260ea3886cfa0262b14cbb9cca894cd029da738bb4df9c946049cbd96,0a092e7c47030e277b6c58aa7e2789dba9964cd02936dcc46d7463118a448d20
E4_004,WILDE_DORIAN_GRAY_005__simplify,WILDE_DORIAN_GRAY_005,simplify,wilde,Oscar Wilde,dorian_gray,The Picture of Dorian Gray,pass,,588c75e6cfcba6638a97e892c661b45018dafe26842fccbd1e6f1134bd687cad,7f781d6db2f7ce54d6895484a7db953c8d299430e55128cab62ceaa65334af81
E4_005,POE_WORKS_VOLUME_1_006__simplify,POE_WORKS_VOLUME_1_006,simplify,poe,Edgar Allan Poe,works_volume_1,The Works of Edgar Allan Poe Volume 1,pass,,97dbc20e9d6eed9db2303a948baf3e813deabaf1aec54bbbccb175be5ecab420,ac9c8ec02bdb71795895a7b3b4732cd8720fca7c73de9aa939c3d1f78ac40f38
E4_006,SHELLEY_FRANKENSTEIN_029__simplify,SHELLEY_FRANKENSTEIN_029,simplify,shelley,Mary Shelley,frankenstein,Frankenstein or The Modern Prometheus,pass,,03fb86d5dce0043adb3224815f51fabfcb0ae989d39b1d0f242c54e24faed85f,7b777b66b2b18a3f0848e2c146e27ffe96d0b201d1b839aac74b1e268ba67d73
E4_007,DICKENS_GREAT_EXPECTATIONS_002__simplify,DICKENS_GREAT_EXPECTATIONS_002,simplify,dickens,Charles Dickens,great_expectations,Great Expectations,pass,,218b698f7f28079392a585601218df8d3d2ae59d6f4efe1bad1f0918b34b0701,6c4cca3eb72ec108678b371394754465373b26fd3c84c05ba71dc12e5126c464
E4_008,DICKENS_OLIVER_TWIST_005__modernize,DICKENS_OLIVER_TWIST_005,modernize,dickens,Charles Dickens,oliver_twist,Oliver Twist,pass,,ce3920c40cedf9fbf06682fc15ad11a697e09a5278350fe87a97639822bdeeca,9d5283f30150ed4e09abfb4cd1ba85b4aeb40435d983f35b5f82cebda9043966
E4_009,SHELLEY_FRANKENSTEIN_030__paraphrase,SHELLEY_FRANKENSTEIN_030,paraphrase,shelley,Mary Shelley,frankenstein,Frankenstein or The Modern Prometheus,pass,,122bad6f446976101e332af8e28815927f774b013c0bd632030a9a98280dd5ab,079b271fe9506f963e8344225f63731da01a9e35bf1ecafe7f9efa5bf75d3e96
E4_010,DICKENS_GREAT_EXPECTATIONS_014__paraphrase,DICKENS_GREAT_EXPECTATIONS_014,paraphrase,dickens,Charles Dickens,great_expectations,Great Expectations,pass,,db0f6e9482429d8e4f32eb38aee208a81be016099bd3bf247a9c3b8aebcb4629,b6b7ac8d0f53bf0dccbbdf8ec0f98fe7053010b349e197e22ef5deb4f2985db9
E4_011,WILDE_LORD_ARTHUR_STORIES_027__simplify,WILDE_LORD_ARTHUR_STORIES_027,simplify,wilde,Oscar Wilde,lord_arthur_stories,Lord Arthur Savile's Crime and Other Stories,pass,,f232fb14c31183bd62ec736df6d474d0f3fa96295cc87a457468d6ae4b922663,fab5623514d67283df2ad130e99ab4cc7a38a3a5d14e67725e9b8f1c9b11341b
E4_012,SHELLEY_THE_LAST_MAN_028__modernize,SHELLEY_THE_LAST_MAN_028,modernize,shelley,Mary Shelley,the_last_man,The Last Man,pass,,311d300c31564cf120e9a2c1b5a05282802f886f8971a64016e45b983d6b8167,6baa8c36051fa0e564011a45c527cdc14855a815d36e7f882cae51514da20911
E4_013,DICKENS_GREAT_EXPECTATIONS_003__modernize,DICKENS_GREAT_EXPECTATIONS_003,modernize,dickens,Charles Dickens,great_expectations,Great Expectations,pass,,d9abe1f5fe4b4e4ff1e87965a3b6e85df5fb12050d26cf788c79103e6ac956f8,9ffaf3a997bcb5d8345c5526195286d55ae294ca789b7bf710aff5d7a276dfcc
E4_014,SHELLEY_FRANKENSTEIN_008__modernize,SHELLEY_FRANKENSTEIN_008,modernize,shelley,Mary Shelley,frankenstein,Frankenstein or The Modern Prometheus,pass,,ee8fd56a19d0b024bed155298e790d8d579707dffd799bd04125bf40dd2b3ca9,48aedee7da643010e9d781a60156edc089e62a309c3f1c17af111293c8faac80
E4_015,TWAIN_TOM_SAWYER_011__paraphrase,TWAIN_TOM_SAWYER_011,paraphrase,twain,Mark Twain,tom_sawyer,The Adventures of Tom Sawyer,pass,,afae40001139d5dd8c12930582ca2b63167b870ef38f3495e5b8a9bbb8cdddc6,b556fb4d1be30ac0fe4243faedc22f2b105d9287c2d7ccfa1aa88695a9b0311f
E4_016,POE_WORKS_VOLUME_1_018__simplify,POE_WORKS_VOLUME_1_018,simplify,poe,Edgar Allan Poe,works_volume_1,The Works of Edgar Allan Poe Volume 1,warning,length_hard_warning,2a66548ead5c95e4f39d0065fca05b2c5719b4b5b60adacf5b4330e3552d2ef2,c18504b254e1e4d10aea06b111e480887336c7a8c98b760f8f7778831f4f7952
E4_017,WILDE_LORD_ARTHUR_STORIES_025__simplify,WILDE_LORD_ARTHUR_STORIES_025,simplify,wilde,Oscar Wilde,lord_arthur_stories,Lord Arthur Savile's Crime and Other Stories,pass,,3ad00786c095a449beb8e0af60fd42f773d3b83a7356e136f21a3fff5d45d5c9,780660f86527dbd0f989df1f26c2ddfa92e95f9fbc1cea09347826bd18cad353
E4_018,WILDE_DORIAN_GRAY_014__modernize,WILDE_DORIAN_GRAY_014,modernize,wilde,Oscar Wilde,dorian_gray,The Picture of Dorian Gray,pass,,b021ae3bf83d2b91fedc3a9fe6f1e85b3efbece52ca32e8c2cf2ccd4f0d7f325,89f919c5072d2bd6dd65f8109073b10ebb609f233d10ba70b613759d76ed7b2c
E4_019,POE_WORKS_VOLUME_2_027__simplify,POE_WORKS_VOLUME_2_027,simplify,poe,Edgar Allan Poe,works_volume_2,The Works of Edgar Allan Poe Volume 2,pass,,37cfb0440bbdde0a65a46d881f00d13fdb9c834f5ba71d3023e9589d51b9c9f8,f580e8690a5189a675a3ed97352ac0d757c1c26ce1b70095661adb620633bd70
E4_020,POE_WORKS_VOLUME_1_012__modernize,POE_WORKS_VOLUME_1_012,modernize,poe,Edgar Allan Poe,works_volume_1,The Works of Edgar Allan Poe Volume 1,pass,,0bb47281116bddcc40487a3f4960c3d58c7faafd702b936d03e2369534b315b6,83c401406b5025f10b3e8597c80f881340101a110ef90046f2b56f6c9e56cbd7
E4_021,WILDE_DORIAN_GRAY_025__paraphrase,WILDE_DORIAN_GRAY_025,paraphrase,wilde,Oscar Wilde,dorian_gray,The Picture of Dorian Gray,pass,,5aa307c98167a2c51bf4a2cfbf2bcf41e68d4945da56dd720ab6847b6f09f717,8225b5d15a531d1ff2c80cbf3a67fff8e586d05e3aa5e3c748d3a6217a6ae26f
E4_022,AUSTEN_PRIDE_AND_PREJUDICE_014__paraphrase,AUSTEN_PRIDE_AND_PREJUDICE_014,paraphrase,austen,Jane Austen,pride_and_prejudice,Pride and Prejudice,pass,,3b2aef90afd46e2eec091f804d0ba15afb25fc42be59ab77f756930383752c16,2116f09e7d46713aee7a184359d733f8a687659b8d1afcb15ead67367c2533da
E4_023,POE_WORKS_VOLUME_1_029__modernize,POE_WORKS_VOLUME_1_029,modernize,poe,Edgar Allan Poe,works_volume_1,The Works of Edgar Allan Poe Volume 1,pass,,b97e9ea1fb0719e51a27d1cf9329e8fa137e15598801b96c191f1b143fadcdc5,438ba17d500eb231f5861b05c3fd0918d8eb289ba9a841b901c9126046e88970
E4_024,WILDE_LORD_ARTHUR_STORIES_019__modernize,WILDE_LORD_ARTHUR_STORIES_019,modernize,wilde,Oscar Wilde,lord_arthur_stories,Lord Arthur Savile's Crime and Other Stories,pass,,8e02b168d913ac25a8445b0bf2b6a265ceff37b0a54c8cb06eb9a48bf1452332,f2502286cc23e23a85d4cdeb8e67afac70e3469759bd59db783a7bfd3563810f
E4_025,POE_WORKS_VOLUME_1_030__paraphrase,POE_WORKS_VOLUME_1_030,paraphrase,poe,Edgar Allan Poe,works_volume_1,The Works of Edgar Allan Poe Volume 1,warning,length_soft_warning,85a932b59dc6ae3b07dfd0e31c73a644543b6c48460f5fe06af87bdb1836d2b6,9fb42fce3684c31555d91c58a0c0d54f939d54a8e0d759b1551b93d062b2bfae
E4_026,WILDE_LORD_ARTHUR_STORIES_005__paraphrase,WILDE_LORD_ARTHUR_STORIES_005,paraphrase,wilde,Oscar Wilde,lord_arthur_stories,Lord Arthur Savile's Crime and Other Stories,pass,,e7420f25c38c1b36571177c982ddfce90320ffcbe81229d0d7a282a5b67fd12d,10136d24e83f309520525618db27c71d0494ae2fa54a5f3b2303a4695df8143c
E4_027,POE_WORKS_VOLUME_2_016__simplify,POE_WORKS_VOLUME_2_016,simplify,poe,Edgar Allan Poe,works_volume_2,The Works of Edgar Allan Poe Volume 2,pass,,cbae24533a8b3f18c13bd3d8058c35903f14ae9d843eaac146fe27e5439061ed,bf6c0764cc2108e8bb895aa6cdf1e42fb9a0aad5b4669d342abe5073a732c20b
E4_028,DICKENS_OLIVER_TWIST_030__simplify,DICKENS_OLIVER_TWIST_030,simplify,dickens,Charles Dickens,oliver_twist,Oliver Twist,pass,,608e17218a1255748645fee72067b047670420a525fcf4e1c90e8e983ef064a9,cf4bd87f42d87463ad70ea7876511aeb33885db1ea97d352c6302e3efb41b9f1
E4_029,TWAIN_HUCKLEBERRY_FINN_006__simplify,TWAIN_HUCKLEBERRY_FINN_006,simplify,twain,Mark Twain,huckleberry_finn,Adventures of Huckleberry Finn,pass,,cfac0b9fc8b6633f064bc649a7c16746e872186e275e24a5e55123b1600ecf84,d274869f85a12be2f59b53787fdb1d337edfda8e3253d010e9ea47a2863784ab
E4_030,POE_WORKS_VOLUME_1_003__paraphrase,POE_WORKS_VOLUME_1_003,paraphrase,poe,Edgar Allan Poe,works_volume_1,The Works of Edgar Allan Poe Volume 1,warning,length_hard_warning,c75248e67bdb2908871fcf3a05896a0ef81aba42a7449c24ff95d79c7577d985,786f2ff836c308c7e03a2856b9a28fb4881c4fa4b2e835707b9fe775ec484236
E4_031,POE_WORKS_VOLUME_2_026__simplify,POE_WORKS_VOLUME_2_026,simplify,poe,Edgar Allan Poe,works_volume_2,The Works of Edgar Allan Poe Volume 2,pass,,d15cd329fd973b2f3538153168f36ec53308095697db316c52cda3d7fd4ee48d,a1135e94e685f63dd357e4555e6ff96e6a58ef810c924f749e70c303c82ac1ea
E4_032,WILDE_LORD_ARTHUR_STORIES_003__modernize,WILDE_LORD_ARTHUR_STORIES_003,modernize,wilde,Oscar Wilde,lord_arthur_stories,Lord Arthur Savile's Crime and Other Stories,pass,,3a0c679c689650a2fb7c9fa1486b9c06c7257474dd5874d3158fa9cd7e600883,f6986d12ef8912724694debfab79da64561beb6524b54ef8b8aa4ccdf2e142a1
E4_033,SHELLEY_THE_LAST_MAN_012__modernize,SHELLEY_THE_LAST_MAN_012,modernize,shelley,Mary Shelley,the_last_man,The Last Man,pass,,354eb1cee0f5373bee7c2b5f3329cd8c02395bd7a8d998f965cae8c39268e7fe,7f35672aa0988c08daa6868fa73411010e3ef211ea9a7eb6e518fff3bfb43e9a
E4_034,TWAIN_TOM_SAWYER_015__simplify,TWAIN_TOM_SAWYER_015,simplify,twain,Mark Twain,tom_sawyer,The Adventures of Tom Sawyer,warning,length_soft_warning,e4facf03d8d538cc82385d39a564b8c4d3f686f33615c7311488472010958250,29280afabbf712b69c13f82489e02cfdb4a5b461f4d357a4c7a74bfe7ecf88d2
E4_035,SHELLEY_THE_LAST_MAN_023__simplify,SHELLEY_THE_LAST_MAN_023,simplify,shelley,Mary Shelley,the_last_man,The Last Man,pass,,94342df4e2ae76ceb1afec36fe7d4d2c74f079baaf6c971e41ae74e42b3fe663,d8172a00c01f557659e8c17d21a58f6dbe3f83fc9224dc0d3459ca18d85af098
E4_036,SHELLEY_THE_LAST_MAN_027__paraphrase,SHELLEY_THE_LAST_MAN_027,paraphrase,shelley,Mary Shelley,the_last_man,The Last Man,pass,,3a8b4698eb81edac3a69cf651396919b2437891bfb76d4633f7f6221cd5099f8,6d98e3b2f959d45048eab6a42372c2412da73d6f758019a9802587a110bae073
E4_037,TWAIN_HUCKLEBERRY_FINN_007__modernize,TWAIN_HUCKLEBERRY_FINN_007,modernize,twain,Mark Twain,huckleberry_finn,Adventures of Huckleberry Finn,pass,,2fccbb2bd78d7153634e584eec86e626f75490f3530346c664c5fa384eddef37,bb4b077ca6bbf9e03d0fcf87708afcf5f9c5e919cd647d49e33358ec533a5b0c
E4_038,POE_WORKS_VOLUME_2_009__paraphrase,POE_WORKS_VOLUME_2_009,paraphrase,poe,Edgar Allan Poe,works_volume_2,The Works of Edgar Allan Poe Volume 2,pass,,ad11667b3b5c891993709f23b9db87b8a23d546427ed9a789065826d2ff62b19,373d5ad898840fe649ce7ebb074881bf3ca3604deda095776b2b3e350a361e2b
E4_039,POE_WORKS_VOLUME_1_025__paraphrase,POE_WORKS_VOLUME_1_025,paraphrase,poe,Edgar Allan Poe,works_volume_1,The Works of Edgar Allan Poe Volume 1,pass,,046136680cd045e10966ca4f089d3cc56a279f0921c0603b136e2fdefbe1cc53,fc864d9fd686c8709a15e8da662f86f940d86e158969a2e88b2af38826e98a0b
E4_040,SHELLEY_FRANKENSTEIN_013__modernize,SHELLEY_FRANKENSTEIN_013,modernize,shelley,Mary Shelley,frankenstein,Frankenstein or The Modern Prometheus,pass,,f13b0c482ea8a20edfb876d65bd97b4e04a686c845103f85313c6db63f3177ef,8f88875993c3108727168be48f340fd4627bc3995ddf3ebaf865695d19bda9df
E4_041,AUSTEN_PRIDE_AND_PREJUDICE_012__simplify,AUSTEN_PRIDE_AND_PREJUDICE_012,simplify,austen,Jane Austen,pride_and_prejudice,Pride and Prejudice,pass,,06ddede9f51d40f1d381ae47d52ac75a8d37d829b195123912a8c2a8595c12c2,1dba42f27371e3ea0adf243c0254dffdd46ac319bf1b9f699d1972d433b42536
E4_042,SHELLEY_THE_LAST_MAN_021__paraphrase,SHELLEY_THE_LAST_MAN_021,paraphrase,shelley,Mary Shelley,the_last_man,The Last Man,pass,,828c8ae0d294773f10be9451a3190eaf28d2341d7e5889ff4bb9cbc0a468befd,62499dd4c01ce918aacc47a0e5200f28f117f6f3776b6037344d6ebb74906872
E4_043,AUSTEN_PRIDE_AND_PREJUDICE_016__modernize,AUSTEN_PRIDE_AND_PREJUDICE_016,modernize,austen,Jane Austen,pride_and_prejudice,Pride and Prejudice,pass,,d8eeca4bd437e37fff1a7de536205fd86545e6dc760f2e5d82920cd49fd5b564,23bdee037a256c05ea99a9c85851046fd50b4453ceb12095c64fe8636c58f95c
E4_044,AUSTEN_PRIDE_AND_PREJUDICE_026__simplify,AUSTEN_PRIDE_AND_PREJUDICE_026,simplify,austen,Jane Austen,pride_and_prejudice,Pride and Prejudice,pass,,32c670f36acce153a943f2aab46ae7dc496aee747c41376719c111cbbd4ea560,2604acb57b516e5a44a40f5e228734e34ad6e7c1ba6e1a8d8845a1cf634bfd7b
E4_045,SHELLEY_FRANKENSTEIN_029__modernize,SHELLEY_FRANKENSTEIN_029,modernize,shelley,Mary Shelley,frankenstein,Frankenstein or The Modern Prometheus,pass,,03fb86d5dce0043adb3224815f51fabfcb0ae989d39b1d0f242c54e24faed85f,6432cbf29bd8b3535fb1897c1d45eec09404d06568b93f350ca9afd40bcbfc76
E4_046,SHELLEY_THE_LAST_MAN_017__modernize,SHELLEY_THE_LAST_MAN_017,modernize,shelley,Mary Shelley,the_last_man,The Last Man,pass,,048bd41846dc34bfc415efe895e298264c0981e7dad0f6494c8d76677ec06dce,44a2487d0fb2bff57a976f13b35218e40d7c07ba99444cf5a5c5acb9dc9fad3f
E4_047,AUSTEN_PRIDE_AND_PREJUDICE_028__paraphrase,AUSTEN_PRIDE_AND_PREJUDICE_028,paraphrase,austen,Jane Austen,pride_and_prejudice,Pride and Prejudice,pass,,e3fd8bd71c523d0fc7e1aae3901b2a397fd836cb668c0e8ee7bed19690609301,39d6aa5f0746d4d121742315011b558a7f9af1a9a0df2fbe136728e40af29ce6
E4_048,SHELLEY_THE_LAST_MAN_002__simplify,SHELLEY_THE_LAST_MAN_002,simplify,shelley,Mary Shelley,the_last_man,The Last Man,pass,,5011ac8577f932c9c6316e96a94daa81568379616cd5fa38e9be5b199c3cd62f,6a46f7962f93c55feba2a81c99bd682dc857c309fab8d4ed9d4024a324ea9fc0
E4_049,AUSTEN_EMMA_014__paraphrase,AUSTEN_EMMA_014,paraphrase,austen,Jane Austen,emma,Emma,pass,,24f10e1a7808601ade8265ee598ce376cf73446633a271fa473f3a2c5cbc2c32,ebfc8aba16715a357830fa68b3496e37078a1652140f009f711feec2f20a3ade
E4_050,WILDE_LORD_ARTHUR_STORIES_026__simplify,WILDE_LORD_ARTHUR_STORIES_026,simplify,wilde,Oscar Wilde,lord_arthur_stories,Lord Arthur Savile's Crime and Other Stories,pass,,12d80037ce4c3f3d3a641abe96f3518a473a32853f3e6eb525a7c4ba5f46b7ed,a456ec31eeef9964a05ad92fdedb6fda7acd4e2cb4dba05c36642a7bbcfc6531
E4_051,WILDE_DORIAN_GRAY_023__modernize,WILDE_DORIAN_GRAY_023,modernize,wilde,Oscar Wilde,dorian_gray,The Picture of Dorian Gray,pass,,627e614d196dda243e1f8e5167949245928c28e63023d1c1c5ddae5137ce830a,9c032fd470f65cf87c9d64805486a616fafe6caf8e0b5c8ef22a926fd9520d32
E4_052,DICKENS_GREAT_EXPECTATIONS_013__simplify,DICKENS_GREAT_EXPECTATIONS_013,simplify,dickens,Charles Dickens,great_expectations,Great Expectations,pass,,f00e6691333b74ea030e1ac75697bdf5b9193e56e0a6b269f7434c94676e1704,0c02656cf8067567650c0825b7f53382bd31fcb11d1e06939f173d42e392d11c
E4_053,WILDE_DORIAN_GRAY_018__paraphrase,WILDE_DORIAN_GRAY_018,paraphrase,wilde,Oscar Wilde,dorian_gray,The Picture of Dorian Gray,warning,length_soft_warning,3eb91456d87d1a2033a7c09bca32489f1245e7ca03640a8b1f8f4b7b446e9ece,7a519d6f888120c25f49db7905e003187ccf101b3c28463b382e6ac843fe024b
E4_054,DICKENS_OLIVER_TWIST_021__paraphrase,DICKENS_OLIVER_TWIST_021,paraphrase,dickens,Charles Dickens,oliver_twist,Oliver Twist,pass,,6acd4be418dd6030dff4974deda40a675f888391eb2dfcc7c8d75078db2d9b6d,6257fc6947197f850d5030be499ba98ae8d01e73b7ed0f06fdf6a3a80ef46a83
E4_055,SHELLEY_THE_LAST_MAN_023__paraphrase,SHELLEY_THE_LAST_MAN_023,paraphrase,shelley,Mary Shelley,the_last_man,The Last Man,pass,,94342df4e2ae76ceb1afec36fe7d4d2c74f079baaf6c971e41ae74e42b3fe663,3b90adf44465620337402e28b2901296faf16522770e26c67913d424a5e28d27
E4_056,POE_WORKS_VOLUME_1_022__modernize,POE_WORKS_VOLUME_1_022,modernize,poe,Edgar Allan Poe,works_volume_1,The Works of Edgar Allan Poe Volume 1,pass,,a57f56d2936524342d550eefc56aecc51c285259511aa4cf1334b992c4bbe597,f25ba8f6d7aea819f09fc29c070bda8166cc1c1dbbf3b899e69499f227500e4a
E4_057,TWAIN_TOM_SAWYER_013__simplify,TWAIN_TOM_SAWYER_013,simplify,twain,Mark Twain,tom_sawyer,The Adventures of Tom Sawyer,pass,,ead0fadd9c8b8fe9015dbdcb2c8f85f9831486f2c760b62cd0622139251f4217,c103ac0f75f96ef3c499e45874510899ff06588215ab530f2b5d3e2fe5450a35
E4_058,DICKENS_OLIVER_TWIST_026__simplify,DICKENS_OLIVER_TWIST_026,simplify,dickens,Charles Dickens,oliver_twist,Oliver Twist,pass,,ec2b609407156373b21b1fd63ab99c2ec58e20c515dc59d0820ad105738e63d3,495ce2c96efda1508d3171f6513f1fcd4e939b61006c6b96f0bfd6438656b8cf
E4_059,DICKENS_OLIVER_TWIST_015__simplify,DICKENS_OLIVER_TWIST_015,simplify,dickens,Charles Dickens,oliver_twist,Oliver Twist,pass,,cbc681154dbe4bb87c522a935f41f7f26fb3435d2dca8f21cbf9b5ad478bca77,293517c5e3cb3a41526feb0da3ef6039fa7be2339524bea17e6337fa39078eb2
E4_060,TWAIN_HUCKLEBERRY_FINN_013__modernize,TWAIN_HUCKLEBERRY_FINN_013,modernize,twain,Mark Twain,huckleberry_finn,Adventures of Huckleberry Finn,pass,,a4eeb08e2b2313ccf327f4dc51f24baa1ed636a6690a8871a610c713b87d1047,30702e6f59c635c8e129fcf2a88ad061deadd7d06a973fa314e074f097773108
E4_061,AUSTEN_PRIDE_AND_PREJUDICE_001__paraphrase,AUSTEN_PRIDE_AND_PREJUDICE_001,paraphrase,austen,Jane Austen,pride_and_prejudice,Pride and Prejudice,pass,,2e90bedb188b5c3d7247543a8d9281e4a6a540d3dfea596e037c02533dcbedca,7018423daf962c3709c105a41c93649777503f0b06adbd43154bf50b80828a99
E4_062,AUSTEN_PRIDE_AND_PREJUDICE_030__modernize,AUSTEN_PRIDE_AND_PREJUDICE_030,modernize,austen,Jane Austen,pride_and_prejudice,Pride and Prejudice,pass,,1b52cd35a6d0dfef966769fb3fd016e9e93657be6630ef2b5c2628ce3aaef9e5,98fdfef74386f50fb1b854324efd371e47b71c2f4584e9bb3c75c5b443450414
E4_063,AUSTEN_EMMA_024__simplify,AUSTEN_EMMA_024,simplify,austen,Jane Austen,emma,Emma,pass,,6113877adc489549b67c6bef6f7dea885829b25b730643acbc44149e37e93f20,683658c6dd7819861e61b0de946457fc0b9096d270da7bcf2349c631064fc800
E4_064,SHELLEY_FRANKENSTEIN_017__simplify,SHELLEY_FRANKENSTEIN_017,simplify,shelley,Mary Shelley,frankenstein,Frankenstein or The Modern Prometheus,pass,,2071dbb6c9fe2f8e0982197f551f5e299f3a8c0016f2f00ff0812c97960ff25b,dbf7ffcf95686d3298cc73387fc1643f3ba329c5d65ca31975731e6708627002
E4_065,WILDE_LORD_ARTHUR_STORIES_007__modernize,WILDE_LORD_ARTHUR_STORIES_007,modernize,wilde,Oscar Wilde,lord_arthur_stories,Lord Arthur Savile's Crime and Other Stories,pass,,37593cd3ab27f7b34fdd82bdd428b9e1479b69dcd01f207328761b948af9753d,eb9744f7933dc3e5502347631fc48fb8878b23f1d33bcfa7cedaacc303672f7a
E4_066,DICKENS_OLIVER_TWIST_026__modernize,DICKENS_OLIVER_TWIST_026,modernize,dickens,Charles Dickens,oliver_twist,Oliver Twist,pass,,ec2b609407156373b21b1fd63ab99c2ec58e20c515dc59d0820ad105738e63d3,6fb017b308bcf9f059f5d7ee1487b4eaf43b6f9d8366d73de69d7bcd1de47e8c
E4_067,SHELLEY_FRANKENSTEIN_009__paraphrase,SHELLEY_FRANKENSTEIN_009,paraphrase,shelley,Mary Shelley,frankenstein,Frankenstein or The Modern Prometheus,pass,,a24761c294cae8d260791a8d2207f78dd45952e34342dda808b949da59b1e683,7137125fa56cdd3701e8ac8d6e24ca9bf83924f19d17e21f1f752ef314fc0a34
E4_068,AUSTEN_EMMA_030__simplify,AUSTEN_EMMA_030,simplify,austen,Jane Austen,emma,Emma,pass,,2dd7a57b1c1d15bb32236751cbab31c2cc337a31d75a3346a082ed3c103668b7,f3c5661a1c1a333550f5f02e57de0e976967f3ad0215aedc7ce45562ae5377c0
E4_069,AUSTEN_EMMA_021__modernize,AUSTEN_EMMA_021,modernize,austen,Jane Austen,emma,Emma,pass,,51d5c66981f2ee4a6736f77782a1a92b5b442743f811a7f839fc894c86926832,58f4d217d180ed84a5eda3df04e1a21af1676e8ff39b010672912b8167a7dbbf
E4_070,AUSTEN_EMMA_023__modernize,AUSTEN_EMMA_023,modernize,austen,Jane Austen,emma,Emma,pass,,11e7b885c9481d99619632867397361486b5038d55445cc9623cc66a81126bba,06ec9c2421e28b569d089415ee3e534097927f582bb38fd5f3364ef7c76295f0
E4_071,SHELLEY_THE_LAST_MAN_003__simplify,SHELLEY_THE_LAST_MAN_003,simplify,shelley,Mary Shelley,the_last_man,The Last Man,pass,,e3b55515fd6e064b3b1609b9bab3a7a98cc2faa65c681ca47d01c587200b0744,b96a1f8ce6ce6fd27d093b54c5431cef8d05aab43f5b78fe73e467bdc737c43e
E4_072,POE_WORKS_VOLUME_2_025__modernize,POE_WORKS_VOLUME_2_025,modernize,poe,Edgar Allan Poe,works_volume_2,The Works of Edgar Allan Poe Volume 2,pass,,530c53d122fe40adcaa68699f11f921a5218806d62cd11ac72824917813dc493,8cb616e9eb0178c30687ed0bca82568c24067495ec3bf3e3e5f708d7c5377476
E4_073,AUSTEN_PRIDE_AND_PREJUDICE_015__simplify,AUSTEN_PRIDE_AND_PREJUDICE_015,simplify,austen,Jane Austen,pride_and_prejudice,Pride and Prejudice,pass,,fe863cc68695516ac43c9d7fd4458c5a4b8e59c941e2743792792cfb374abd85,467aca08288ab5c44ac2f2a59aa760e1766c293c97782910a415a721468e435d
E4_074,TWAIN_HUCKLEBERRY_FINN_014__paraphrase,TWAIN_HUCKLEBERRY_FINN_014,paraphrase,twain,Mark Twain,huckleberry_finn,Adventures of Huckleberry Finn,pass,,31b6d6cb1465079a30ac42ec52b51faea5d81796e5a364adfb3501e59b4f4ee4,16a5d790dd1f36fed8c5f003ad68c3943ee35fd34e7595c30d633329b6b4257d
E4_075,DICKENS_OLIVER_TWIST_022__modernize,DICKENS_OLIVER_TWIST_022,modernize,dickens,Charles Dickens,oliver_twist,Oliver Twist,pass,,ea009832591133153f7f5322d893dbc7bbd8dd7b91a446c95825f3287a4d46f3,730eee77dcf1b92701a537ab408881d9b29f637231ca72bf625e24163b1a57b5
E4_076,AUSTEN_EMMA_023__simplify,AUSTEN_EMMA_023,simplify,austen,Jane Austen,emma,Emma,pass,,11e7b885c9481d99619632867397361486b5038d55445cc9623cc66a81126bba,dfdb47d0e2253f6bca678c55328925faab2a53bca379f35ebe0921da6e45bfea
E4_077,WILDE_DORIAN_GRAY_009__modernize,WILDE_DORIAN_GRAY_009,modernize,wilde,Oscar Wilde,dorian_gray,The Picture of Dorian Gray,pass,,83c8fb9a52c36388f276fff374d722238a2e7d3a095b287dd961b486943524b1,cd32f4e8914420dbf51dd228a414f3a5b0b79c3b772ff11609242c25680212d6
E4_078,AUSTEN_EMMA_016__modernize,AUSTEN_EMMA_016,modernize,austen,Jane Austen,emma,Emma,pass,,3683d76cb00e585399ca913cfd5bdc4ee4f2dee74f0d2d727d9a8c68b670a5b2,6926b1fe395923d40342553c803405ee7ee19dd5c67500454a696c7840d7bc51
E4_079,TWAIN_HUCKLEBERRY_FINN_029__simplify,TWAIN_HUCKLEBERRY_FINN_029,simplify,twain,Mark Twain,huckleberry_finn,Adventures of Huckleberry Finn,pass,,360b866859df9103e13659fa7aee275dceb686e412d3bc4b780ae35d3ceb6471,ea21b60d0315b1609edf3dcbe521212558f796849e5c3e455f6a2820e7e30d0b
E4_080,POE_WORKS_VOLUME_2_029__paraphrase,POE_WORKS_VOLUME_2_029,paraphrase,poe,Edgar Allan Poe,works_volume_2,The Works of Edgar Allan Poe Volume 2,pass,,e968459be96d93a5d6123da9e07613800b6ab0ee2f1fe15b062bd40890f19edc,9a46bfef9447ce4535bed334d79597ab7fa0f74accab904fe38bc6a2449e59d2
E4_081,AUSTEN_EMMA_015__paraphrase,AUSTEN_EMMA_015,paraphrase,austen,Jane Austen,emma,Emma,pass,,04cb8579035412bf9e93d7304b989dc5692e1404cc6388b82f0ff3266ce13bd9,3714bba36013bedbaa977e0e7be0887b113f181366bd4a379cc8b1f830705406
E4_082,AUSTEN_PRIDE_AND_PREJUDICE_019__modernize,AUSTEN_PRIDE_AND_PREJUDICE_019,modernize,austen,Jane Austen,pride_and_prejudice,Pride and Prejudice,pass,,1a162a59ade96be34c1f35f1531957895bec8053931960e455e2d3042be39d38,e3f17b07578ba116222d85796b758c2eea2adfbf39cdbc17dc20620978578a3a
E4_083,DICKENS_OLIVER_TWIST_016__paraphrase,DICKENS_OLIVER_TWIST_016,paraphrase,dickens,Charles Dickens,oliver_twist,Oliver Twist,pass,,9fc9bde087523a70f0b3595ab825fd030931325dea3960c04c9f03b6ee040038,b166426d3581e803a963fcce15ab62e51593a4c7a03d10d8eab57526ee6b4b92
E4_084,TWAIN_HUCKLEBERRY_FINN_024__modernize,TWAIN_HUCKLEBERRY_FINN_024,modernize,twain,Mark Twain,huckleberry_finn,Adventures of Huckleberry Finn,pass,,0328cf87a5cda5b9d46bc66412496032426763d9b573542ff12002f59d9ff7af,aa9f21768c3ff79a8554e7c9f6af1f0f9210bf3d7d151dda2b82a36876f942ff
E4_085,AUSTEN_EMMA_024__paraphrase,AUSTEN_EMMA_024,paraphrase,austen,Jane Austen,emma,Emma,pass,,6113877adc489549b67c6bef6f7dea885829b25b730643acbc44149e37e93f20,74ee5064c7736639281fab38df1f3180fa4f3a06acf51fd26cc8e9c227ba3d47
E4_086,DICKENS_GREAT_EXPECTATIONS_022__simplify,DICKENS_GREAT_EXPECTATIONS_022,simplify,dickens,Charles Dickens,great_expectations,Great Expectations,pass,,f69ae18ed2536c243c6f86baf561201ae53a536da88ff518711dfdc4fe6f9f57,4277cc233a239021ce268e53869fd7841c790a15a5fe227dd6bf5527b301d55f
E4_087,TWAIN_HUCKLEBERRY_FINN_019__simplify,TWAIN_HUCKLEBERRY_FINN_019,simplify,twain,Mark Twain,huckleberry_finn,Adventures of Huckleberry Finn,pass,,71b2b853a5324f434fe6c4f340d04978d0178a0d9584491739595cc2d9c2c9e9,7fb5d2c16ecdf868e421ee3f1c02152f024bd9d1b2daaa1f6b9d6ddd93cc8794
E4_088,DICKENS_OLIVER_TWIST_027__paraphrase,DICKENS_OLIVER_TWIST_027,paraphrase,dickens,Charles Dickens,oliver_twist,Oliver Twist,pass,,98d29b543aaec45a761a98b77278ab4f08f44251bfe79bc405c9d40122f0fba1,b34bc29c12311561f48f88f0a81a28a7623284285b63862013c8145326536fa6
E4_089,TWAIN_HUCKLEBERRY_FINN_021__paraphrase,TWAIN_HUCKLEBERRY_FINN_021,paraphrase,twain,Mark Twain,huckleberry_finn,Adventures of Huckleberry Finn,pass,,400c73b5aa1d2af715cfa1bc0b5c3e6f88074468e2e732e4dfbdeaa0a7e7891e,c24fde935c303e227f3bffba6fcfa7d431d69fa169aa08237e1a99b5740eaf11
E4_090,DICKENS_GREAT_EXPECTATIONS_019__modernize,DICKENS_GREAT_EXPECTATIONS_019,modernize,dickens,Charles Dickens,great_expectations,Great Expectations,pass,,2263b5b73744173d343cda913211d0cee238fecd2c7013a6ae3d39a6c6bec02f,d7ddaa7d180ec9ca002b6119e3df212e0cf9198e7f18daadf5b3aac3a63f914d
E4_091,WILDE_LORD_ARTHUR_STORIES_011__paraphrase,WILDE_LORD_ARTHUR_STORIES_011,paraphrase,wilde,Oscar Wilde,lord_arthur_stories,Lord Arthur Savile's Crime and Other Stories,pass,,a6058990782cf303d57de3addce867f5a1fe46b1b3e29e9f942f408165511b3a,04e9f47585a0d9a711144682f07cc30a50201ad208ef6b8a9ccd422a873aa373
E4_092,WILDE_LORD_ARTHUR_STORIES_021__paraphrase,WILDE_LORD_ARTHUR_STORIES_021,paraphrase,wilde,Oscar Wilde,lord_arthur_stories,Lord Arthur Savile's Crime and Other Stories,pass,,da371e5845ec77914488d10f40855d64e5812c3e832d7fb6bc9925ba3009c0b1,1d57f71eae98daa2269d1749c6eece236126ff9acd91eda26140aa8d4a02d797
E4_093,POE_WORKS_VOLUME_1_030__simplify,POE_WORKS_VOLUME_1_030,simplify,poe,Edgar Allan Poe,works_volume_1,The Works of Edgar Allan Poe Volume 1,warning,length_soft_warning,85a932b59dc6ae3b07dfd0e31c73a644543b6c48460f5fe06af87bdb1836d2b6,3cf1a08791d5d93abf48dd05ee9205fe4b8b212ca49c0d262e2e344a976edb38
E4_094,TWAIN_HUCKLEBERRY_FINN_029__paraphrase,TWAIN_HUCKLEBERRY_FINN_029,paraphrase,twain,Mark Twain,huckleberry_finn,Adventures of Huckleberry Finn,pass,,360b866859df9103e13659fa7aee275dceb686e412d3bc4b780ae35d3ceb6471,d11ff800f0c27cda993e77c244003488668f9e375349e4c5b354fa7d37b87c47
E4_095,TWAIN_TOM_SAWYER_012__paraphrase,TWAIN_TOM_SAWYER_012,paraphrase,twain,Mark Twain,tom_sawyer,The Adventures of Tom Sawyer,warning,length_soft_warning,a59aee0dc198ace6c8b2588ddd511b10edf0283c2b5c69a24dc18d7388e320a5,c23c236ed168bccf2229146c6e40c73043c6eb096728e372158abb6ac3c0ef7e
E4_096,TWAIN_TOM_SAWYER_024__simplify,TWAIN_TOM_SAWYER_024,simplify,twain,Mark Twain,tom_sawyer,The Adventures of Tom Sawyer,pass,,b0c02bdf91e72d0bd46fc060362aa2f87f21ff7e0635045623bef84d53e74011,daa218295b81c7b6567a486363593f7240bec6c5d99dccb4e0b1faeb0d53aa12
E4_097,TWAIN_TOM_SAWYER_029__paraphrase,TWAIN_TOM_SAWYER_029,paraphrase,twain,Mark Twain,tom_sawyer,The Adventures of Tom Sawyer,pass,,8c5df42ef1fd4f4ec9d4738a0d71d3ea9acd7ad54b181f3d45a415e4e9de45c6,0df10bbb8577d7b6bc4259b3737863c2b28a7c28a4ebd40b6c48cd442b64990c
E4_098,SHELLEY_FRANKENSTEIN_012__simplify,SHELLEY_FRANKENSTEIN_012,simplify,shelley,Mary Shelley,frankenstein,Frankenstein or The Modern Prometheus,pass,,d3f969002b694c994ac98ff2a995aecac5ab89efd9a304719488256f5a899da7,e814a21216ae37b2261add2472e1c3af9610d46b31df157313217d91753c7c18
E4_099,POE_WORKS_VOLUME_2_002__modernize,POE_WORKS_VOLUME_2_002,modernize,poe,Edgar Allan Poe,works_volume_2,The Works of Edgar Allan Poe Volume 2,warning,length_soft_warning,512ac20772f9a478ed64f8a3f26dbcaaa633149c6b16141a1a86f5d3a785bd3f,75a9423ceae8eaeb07b5b320e5494dccc1c6abdaa61f265298638932e6395445
E4_100,POE_WORKS_VOLUME_2_022__modernize,POE_WORKS_VOLUME_2_022,modernize,poe,Edgar Allan Poe,works_volume_2,The Works of Edgar Allan Poe Volume 2,pass,,e9ea30aecb0bb0354d95a31d6d4b892d534a6b90562b9fb7b18f4321466fdd09,b603a7be8186426e4a405f23c88b6d7288cff10b173bb60d652916f44a3d9c37
E4_101,DICKENS_GREAT_EXPECTATIONS_013__paraphrase,DICKENS_GREAT_EXPECTATIONS_013,paraphrase,dickens,Charles Dickens,great_expectations,Great Expectations,warning,length_soft_warning,f00e6691333b74ea030e1ac75697bdf5b9193e56e0a6b269f7434c94676e1704,059eef6d6a44569d3863a71efeb675445369b592c21d3f32ea6936afd0f3df7e
E4_102,DICKENS_GREAT_EXPECTATIONS_002__modernize,DICKENS_GREAT_EXPECTATIONS_002,modernize,dickens,Charles Dickens,great_expectations,Great Expectations,pass,,218b698f7f28079392a585601218df8d3d2ae59d6f4efe1bad1f0918b34b0701,a749096cab0cc8ced42ca3b18d15c6821e6a616762f68c6ff33a3d9caf02be96
E4_103,TWAIN_TOM_SAWYER_029__modernize,TWAIN_TOM_SAWYER_029,modernize,twain,Mark Twain,tom_sawyer,The Adventures of Tom Sawyer,pass,,8c5df42ef1fd4f4ec9d4738a0d71d3ea9acd7ad54b181f3d45a415e4e9de45c6,7f93a265f1702c87ac073e9e97900530e170b6daa7e795ccec0a065e51d71c10
E4_104,TWAIN_TOM_SAWYER_020__modernize,TWAIN_TOM_SAWYER_020,modernize,twain,Mark Twain,tom_sawyer,The Adventures of Tom Sawyer,pass,,eecb99b29dfed877e648df2f802e8a38d15fd8e0a3f4f2a900dfeb1fcbcd7e33,568540b0ea7d47b5a043dfa16469470922637892bf7234d12ba9477d86d298f2
E4_105,WILDE_DORIAN_GRAY_015__simplify,WILDE_DORIAN_GRAY_015,simplify,wilde,Oscar Wilde,dorian_gray,The Picture of Dorian Gray,pass,,1d15234310b3afcf1923d571df7810586da8259c9dbbab086812216aa34f2e5b,8ab43be049f5d6bc94afea35f0a9d588f774b1385c0a9d360d799e8f9339cfcf
E4_106,TWAIN_TOM_SAWYER_005__modernize,TWAIN_TOM_SAWYER_005,modernize,twain,Mark Twain,tom_sawyer,The Adventures of Tom Sawyer,pass,,f6bd5abe3e5b07e21ebc564f30cbd1e61a0b6b4c043c3ce9bb155d80d1652182,ee31808e689f92b49492a9ebdc61099649dfa38e80fdff2f11c216f043fc025b
E4_107,DICKENS_GREAT_EXPECTATIONS_009__paraphrase,DICKENS_GREAT_EXPECTATIONS_009,paraphrase,dickens,Charles Dickens,great_expectations,Great Expectations,pass,,aecd0dbd5d803d112e64f4ad8667e5bcdd70e1354d200d46f541ed7305af6126,5de74d80144fcabe7351d971fa5fdb264182998a84c3647d8e3f8a12eab89ce1
E4_108,WILDE_DORIAN_GRAY_012__simplify,WILDE_DORIAN_GRAY_012,simplify,wilde,Oscar Wilde,dorian_gray,The Picture of Dorian Gray,pass,,c0332f3a68d68a864877a8266f44dadd6ce3d7040fa2190986f196880dbd8b6f,ee8ffcaecfffa736f43342781397e7aeeafa25c50def21ab46b1a878a0f680db
